meta	series	single
meta	commit	fed52389bf3bb17992270073a4e746ceda0e0c36
meta	worktree	clean
meta	host	Linux 6.18.44-fc-v37 x86_64
meta	cpus	2
meta	mem_mib	8032
meta	toolchain	cargo 1.95.0 (f2d3ce0bd 2026-03-21)
meta	postgres	postgres (PostgreSQL) 16.13 (Ubuntu 16.13-0ubuntu0.24.04.1)
meta	date	2026-09-28T02:17:08Z
meta	accounts	1000
meta	seed	42
meta	keys	1000
meta	budget	50
meta	history_txns	10000
meta	batches	50
meta	universe_legs	20000
meta	universe_sha256	3cbdcdfe90cce46dee981f381b0fc28b750b62d9fee7c076107d638130d33f47
meta	end_legs	20520
meta	end_sha256	fe8c39fce82fc440c9c967d463156a2db5ff7f92e44bd776178c3c7b823912c1
load	M	1.071	20000	3cbdcdfe90cce46dee981f381b0fc28b750b62d9fee7c076107d638130d33f47	20520	fe8c39fce82fc440c9c967d463156a2db5ff7f92e44bd776178c3c7b823912c1	one multi-row insert per batch with explicit epoch ids 1..50; epochs sealed in order by arm.seal (sha256 chain); materialised view refreshed; vacuum analyze
load	N	0.127	20000	3cbdcdfe90cce46dee981f381b0fc28b750b62d9fee7c076107d638130d33f47	20520	fe8c39fce82fc440c9c967d463156a2db5ff7f92e44bd776178c3c7b823912c1	one insert statement per batch, one epoch each; N epoch = oracle index -1; frontier #49 after the load, asserted by an `as of system time` probe
load	P	1.052	20000	3cbdcdfe90cce46dee981f381b0fc28b750b62d9fee7c076107d638130d33f47	20520	fe8c39fce82fc440c9c967d463156a2db5ff7f92e44bd776178c3c7b823912c1	one multi-row insert per batch with explicit epoch ids 1..50; epochs sealed in order by arm.seal (sha256 chain); materialised view refreshed; vacuum analyze
load	P+	1.057	20000	3cbdcdfe90cce46dee981f381b0fc28b750b62d9fee7c076107d638130d33f47	20520	fe8c39fce82fc440c9c967d463156a2db5ff7f92e44bd776178c3c7b823912c1	one multi-row insert per batch with explicit epoch ids 1..50; epochs sealed in order by arm.seal (sha256 chain); arm.after_load: checkpoints every 16 legs per key, key counts, budget; vacuum analyze
pss_loaded	M	50210816
pss_loaded	N	5788672
pss_loaded	P	50027520
pss_loaded	P+	50140160
state	M	bytes arm.balances	253952
state	M	bytes arm.postings	4079616
state	N	resident	50
state	N	reads	6861
state	N	hits	599
state	N	misses	6262
state	N	rows_touched	3973856
state	N	view_answers	4576
state	N	fallbacks	0
state	N	view_metadata_keys	50
state	P	bytes arm.balances	253952
state	P	bytes arm.postings	4079616
state	P+	bytes arm.rev	548864
state	P+	bytes arm.checkpoints	139264
state	P+	bytes arm.key_counts	147456
state	P+	bytes arm.postings	4079616
state	P+	resident	50
notrun	N	q3	Nilestream's served relation is fixed at (txn, acct, cur, amt, idem) — crates/nilestream-server/src/session.rs parse_insert takes four columns — so it holds no value day and no desk
notrun	N	q4	Nilestream's served relation is fixed at (txn, acct, cur, amt, idem) — crates/nilestream-server/src/session.rs parse_insert takes four columns — so it holds no value day and no desk
val	N	-3	c2_q1_p50_us	161.07999999999998
val	N	-3	c2_q1_p99_us	491.58899999999994
val	N	-3	c2_q2_p50_us	172.496
val	N	-3	c4_q1_p50_us	307.80899999999997
val	N	-3	c4_q1_p99_us	871.999
val	N	-3	c4_q2_p50_us	350.469
val	N	-3	c4_q2_p99_us	1188.008
val	N	-3	commits_per_s	2603.781862966866
val	N	-3	pss_growth_bytes_per_key_read	20454.948012232417
val	N	-3	pss_mib	11.8994140625
val	N	-3	q1_p50_us	104.05199999999999
val	N	-3	q1_p99_us	231.842
val	N	-3	q2_p50_us	121.481
val	N	-3	q5_p50_us	2226.347
val	N	-3	q6_p50_us	3139.499
val	N	-3	write_p50_us	331.716
val	N	-3	write_p99_us	1028.66
val	P+	-3	c2_q1_p50_us	564.106
val	P+	-3	c2_q1_p99_us	1889.5400000000002
val	P+	-3	c2_q2_p50_us	439.727
val	P+	-3	c4_q1_p50_us	1355.809
val	P+	-3	c4_q1_p99_us	7958.075
val	P+	-3	c4_q2_p50_us	1354.569
val	P+	-3	c4_q2_p99_us	3894.064
val	P+	-3	commits_per_s	1151.9089088865394
val	P+	-3	pss_growth_bytes_per_key_read	-7878.850152905199
val	P+	-3	pss_mib	45.3603515625
val	P+	-3	q1_p50_us	484.434
val	P+	-3	q1_p99_us	948.096
val	P+	-3	q2_p50_us	404.6
val	P+	-3	q3_p50_us	301.832
val	P+	-3	q4_p50_us	1457.4379999999999
val	P+	-3	q5_p50_us	3904.151
val	P+	-3	q6_p50_us	3971.955
val	P+	-3	write_p50_us	759.4159999999999
val	P+	-3	write_p99_us	2406.347
val	P	-3	c2_q1_p50_us	133.19899999999998
val	P	-3	c2_q1_p99_us	523.902
val	P	-3	c2_q2_p50_us	296.78499999999997
val	P	-3	c4_q1_p50_us	242.564
val	P	-3	c4_q1_p99_us	3565.382
val	P	-3	c4_q2_p50_us	311.376
val	P	-3	c4_q2_p99_us	3328.46
val	P	-3	commits_per_s	65.4269395685381
val	P	-3	pss_growth_bytes_per_key_read	-8229.577981651377
val	P	-3	pss_mib	45.1435546875
val	P	-3	q1_p50_us	115.971
val	P	-3	q1_p99_us	914.068
val	P	-3	q2_p50_us	201.278
val	P	-3	q3_p50_us	263.123
val	P	-3	q4_p50_us	224.018
val	P	-3	q5_p50_us	150.45100000000002
val	P	-3	q6_p50_us	450.662
val	P	-3	write_p50_us	14486.654
val	P	-3	write_p99_us	18736.776
val	M	-3	c2_q1_p50_us	129.96099999999998
val	M	-3	c2_q1_p99_us	593.3969999999999
val	M	-3	c2_q2_p50_us	236.159
val	M	-3	c4_q1_p50_us	235.09799999999998
val	M	-3	c4_q1_p99_us	1740.402
val	M	-3	c4_q2_p50_us	276.05
val	M	-3	c4_q2_p99_us	1596.304
val	M	-3	commits_per_s	65.88549073379706
val	M	-3	pss_growth_bytes_per_key_read	-7950.874617737003
val	M	-3	pss_mib	45.4052734375
val	M	-3	q1_p50_us	122.09300000000002
val	M	-3	q1_p99_us	846.783
val	M	-3	q2_p50_us	209.809
val	M	-3	q3_p50_us	349.629
val	M	-3	q4_p50_us	231.393
val	M	-3	q5_p50_us	135.93200000000002
val	M	-3	q6_p50_us	684.0630000000001
val	M	-3	write_p50_us	14710.021
val	M	-3	write_p99_us	19500.313
val	P+	-2	c2_q1_p50_us	569.3449999999999
val	P+	-2	c2_q1_p99_us	1861.235
val	P+	-2	c2_q2_p50_us	516.148
val	P+	-2	c4_q1_p50_us	1628.676
val	P+	-2	c4_q1_p99_us	7946.9310000000005
val	P+	-2	c4_q2_p50_us	1359.962
val	P+	-2	c4_q2_p99_us	6337.762000000001
val	P+	-2	commits_per_s	1145.7660136125023
val	P+	-2	pss_growth_bytes_per_key_read	-4380.551984877126
val	P+	-2	pss_mib	45.607421875
val	P+	-2	q1_p50_us	513.427
val	P+	-2	q1_p99_us	896.928
val	P+	-2	q2_p50_us	422.488
val	P+	-2	q2_p99_us	3785.924
val	P+	-2	q3_p50_us	268.71700000000004
val	P+	-2	q4_p50_us	1454.459
val	P+	-2	q5_p50_us	3698.507
val	P+	-2	q6_p50_us	3757.085
val	P+	-2	write_p50_us	678.937
val	P+	-2	write_p99_us	2392.9849999999997
val	P	-2	c2_q1_p50_us	137.23000000000002
val	P	-2	c2_q1_p99_us	416.577
val	P	-2	c2_q2_p50_us	221.04899999999998
val	P	-2	c4_q1_p50_us	299.808
val	P	-2	c4_q1_p99_us	1937.453
val	P	-2	c4_q2_p50_us	304.702
val	P	-2	c4_q2_p99_us	2495.9320000000002
val	P	-2	commits_per_s	57.054668393973934
val	P	-2	pss_growth_bytes_per_key_read	-5040.635160680529
val	P	-2	pss_mib	45.1669921875
val	P	-2	q1_p50_us	132.588
val	P	-2	q1_p99_us	1563.501
val	P	-2	q2_p50_us	193.57
val	P	-2	q2_p99_us	1162.6119999999999
val	P	-2	q3_p50_us	210.344
val	P	-2	q4_p50_us	207.375
val	P	-2	q5_p50_us	163.784
val	P	-2	q6_p50_us	560.97
val	P	-2	write_p50_us	15097.166000000001
val	P	-2	write_p99_us	37255.825
val	M	-2	c2_q1_p50_us	69.483
val	M	-2	c2_q1_p99_us	1374.816
val	M	-2	c2_q2_p50_us	146.587
val	M	-2	c4_q1_p50_us	238.399
val	M	-2	c4_q1_p99_us	2439.232
val	M	-2	c4_q2_p50_us	350.976
val	M	-2	c4_q2_p99_us	2412.033
val	M	-2	commits_per_s	63.6556153802699
val	M	-2	pss_growth_bytes_per_key_read	-4980.627599243856
val	M	-2	pss_mib	45.3720703125
val	M	-2	q1_p50_us	146.26999999999998
val	M	-2	q1_p99_us	632.287
val	M	-2	q2_p50_us	221.393
val	M	-2	q2_p99_us	1250.927
val	M	-2	q3_p50_us	244.77700000000002
val	M	-2	q4_p50_us	231.605
val	M	-2	q5_p50_us	193.38
val	M	-2	q6_p50_us	705.871
val	M	-2	write_p50_us	14637.649000000001
val	M	-2	write_p99_us	25485.715
val	N	-2	c2_q1_p50_us	58.946
val	N	-2	c2_q1_p99_us	145.647
val	N	-2	c2_q2_p50_us	60.891999999999996
val	N	-2	c4_q1_p50_us	94.727
val	N	-2	c4_q1_p99_us	559.412
val	N	-2	c4_q2_p50_us	102.529
val	N	-2	c4_q2_p99_us	785.156
val	N	-2	commits_per_s	2188.776022221329
val	N	-2	pss_growth_bytes_per_key_read	13921.754253308129
val	N	-2	pss_mib	12.5439453125
val	N	-2	q1_p50_us	110.625
val	N	-2	q1_p99_us	290.94599999999997
val	N	-2	q2_p50_us	124.499
val	N	-2	q2_p99_us	382.233
val	N	-2	q5_p50_us	2228.873
val	N	-2	q6_p50_us	3035.1330000000003
val	N	-2	write_p50_us	431.944
val	N	-2	write_p99_us	674.376
val	P	-1	c2_q1_p50_us	138.288
val	P	-1	c2_q1_p99_us	2252.162
val	P	-1	c2_q2_p50_us	185.823
val	P	-1	c4_q1_p50_us	277.343
val	P	-1	c4_q1_p99_us	1778.212
val	P	-1	c4_q2_p50_us	305.26
val	P	-1	c4_q2_p99_us	2191.885
val	P	-1	commits_per_s	59.151068887172165
val	P	-1	pss_growth_bytes_per_key_read	-41.0231124807396
val	P	-1	pss_mib	47.6845703125
val	P	-1	q1_p50_us	122.998
val	P	-1	q1_p99_us	1010.1960000000001
val	P	-1	q2_p50_us	216.1
val	P	-1	q3_p50_us	298.62399999999997
val	P	-1	q4_p50_us	291.767
val	P	-1	q5_p50_us	168.69899999999998
val	P	-1	q6_p50_us	582.1039999999999
val	P	-1	write_p50_us	15263.504
val	P	-1	write_p99_us	27915.866
val	M	-1	c2_q1_p50_us	125.89599999999999
val	M	-1	c2_q1_p99_us	2313.429
val	M	-1	c2_q2_p50_us	184.39600000000002
val	M	-1	c4_q1_p50_us	241.298
val	M	-1	c4_q1_p99_us	1689.0449999999998
val	M	-1	c4_q2_p50_us	320.02099999999996
val	M	-1	c4_q2_p99_us	2892.964
val	M	-1	commits_per_s	67.4460814526429
val	M	-1	pss_growth_bytes_per_key_read	-4054.9768875192603
val	M	-1	pss_mib	45.375
val	M	-1	q1_p50_us	104.22999999999999
val	M	-1	q1_p99_us	269.702
val	M	-1	q2_p50_us	170.832
val	M	-1	q3_p50_us	230.014
val	M	-1	q4_p50_us	203.36599999999999
val	M	-1	q5_p50_us	158.24099999999999
val	M	-1	q6_p50_us	448.105
val	M	-1	write_p50_us	14153.91
val	M	-1	write_p99_us	21394.871
val	N	-1	c2_q1_p50_us	62.34799999999999
val	N	-1	c2_q1_p99_us	243.377
val	N	-1	c2_q2_p50_us	81.977
val	N	-1	c4_q1_p50_us	131.956
val	N	-1	c4_q1_p99_us	526.924
val	N	-1	c4_q2_p50_us	162.552
val	N	-1	c4_q2_p99_us	520.256
val	N	-1	commits_per_s	2593.089985667991
val	N	-1	pss_growth_bytes_per_key_read	12041.861325115562
val	N	-1	pss_mib	12.9736328125
val	N	-1	q1_p50_us	108.924
val	N	-1	q1_p99_us	204.24
val	N	-1	q2_p50_us	113.255
val	N	-1	q5_p50_us	2275.567
val	N	-1	q6_p50_us	3078.3450000000003
val	N	-1	write_p50_us	354.02
val	N	-1	write_p99_us	739.033
div	P+	-1	2	
err	P+	-1	Point((278, 0)) `select value from arm.rev_read(278, 0::smallint, (select applied_through from arm.rev_meta))`: [40P01] deadlock detected
err	P+	-1	Point((689, 0)) `select value from arm.rev_read(689, 0::smallint, (select applied_through from arm.rev_meta))`: [40P01] deadlock detected
val	P+	-1	c2_q1_p50_us	560.363
val	P+	-1	c2_q1_p99_us	4976.456
val	P+	-1	c2_q2_p50_us	474.042
val	P+	-1	c4_q1_p50_us	1515.692
val	P+	-1	c4_q1_p99_us	2002236.89
val	P+	-1	c4_q2_p50_us	1223.089
val	P+	-1	c4_q2_p99_us	1002458.388
val	P+	-1	commits_per_s	1194.5784296884274
val	P+	-1	pss_growth_bytes_per_key_read	-3960.3081664098613
val	P+	-1	pss_mib	45.3662109375
val	P+	-1	q1_p50_us	520.466
val	P+	-1	q1_p99_us	2157.466
val	P+	-1	q2_p50_us	402.52700000000004
val	P+	-1	q3_p50_us	240.06799999999998
val	P+	-1	q4_p50_us	1617.906
val	P+	-1	q5_p50_us	3587.712
val	P+	-1	q6_p50_us	3919.672
val	P+	-1	write_p50_us	740.646
val	P+	-1	write_p99_us	2628.9410000000003
val	M	0	c2_q1_p50_us	128.20600000000002
val	M	0	c2_q1_p99_us	1767.1029999999998
val	M	0	c2_q2_p50_us	232.137
val	M	0	c4_q1_p50_us	241.04199999999997
val	M	0	c4_q1_p99_us	2675.2360000000003
val	M	0	c4_q2_p50_us	355.166
val	M	0	c4_q2_p99_us	2789.102
val	M	0	commits_per_s	67.33738200689399
val	M	0	pss_growth_bytes_per_key_read	-3537.5805142083896
val	M	0	pss_mib	45.3916015625
val	M	0	q1_p50_us	134.615
val	M	0	q1_p99_us	958.3420000000001
val	M	0	q2_p50_us	195.59300000000002
val	M	0	q2_p99_us	875.152
val	M	0	q3_p50_us	224.25799999999998
val	M	0	q4_p50_us	236.39700000000002
val	M	0	q5_p50_us	207.374
val	M	0	q6_p50_us	717.889
val	M	0	write_p50_us	14552.648
val	M	0	write_p99_us	18282.204999999998
val	N	0	c2_q1_p50_us	66.949
val	N	0	c2_q1_p99_us	213.215
val	N	0	c2_q2_p50_us	88.64
val	N	0	c4_q1_p50_us	142.566
val	N	0	c4_q1_p99_us	484.279
val	N	0	c4_q2_p50_us	159.861
val	N	0	c4_q2_p99_us	789.6990000000001
val	N	0	commits_per_s	2445.5351803074745
val	N	0	pss_growth_bytes_per_key_read	10625.21244925575
val	N	0	pss_mib	13.0087890625
val	N	0	q1_p50_us	121.81899999999999
val	N	0	q1_p99_us	410.902
val	N	0	q2_p50_us	137.031
val	N	0	q2_p99_us	515.28
val	N	0	q5_p50_us	2332.781
val	N	0	q6_p50_us	3108.5190000000002
val	N	0	write_p50_us	375.16900000000004
val	N	0	write_p99_us	733.622
val	P+	0	c2_q1_p50_us	562.6999999999999
val	P+	0	c2_q1_p99_us	4080.515
val	P+	0	c2_q2_p50_us	488.52200000000005
val	P+	0	c4_q1_p50_us	1465.141
val	P+	0	c4_q1_p99_us	8081.275000000001
val	P+	0	c4_q2_p50_us	1476.632
val	P+	0	c4_q2_p99_us	9144.265000000001
val	P+	0	commits_per_s	1113.6128423614762
val	P+	0	pss_growth_bytes_per_key_read	-3487.6968876860624
val	P+	0	pss_mib	45.359375
val	P+	0	q1_p50_us	527.528
val	P+	0	q1_p99_us	4211.168000000001
val	P+	0	q2_p50_us	416.84499999999997
val	P+	0	q2_p99_us	847.7610000000001
val	P+	0	q3_p50_us	279.144
val	P+	0	q4_p50_us	1426.7830000000001
val	P+	0	q5_p50_us	3724.738
val	P+	0	q6_p50_us	4005.947
val	P+	0	write_p50_us	721.39
val	P+	0	write_p99_us	3175.383
val	P	0	c2_q1_p50_us	125.32799999999999
val	P	0	c2_q1_p99_us	1105.325
val	P	0	c2_q2_p50_us	250.53500000000003
val	P	0	c4_q1_p50_us	231.82399999999998
val	P	0	c4_q1_p99_us	2715.928
val	P	0	c4_q2_p50_us	313.86400000000003
val	P	0	c4_q2_p99_us	2680.243
val	P	0	commits_per_s	68.20244128251485
val	P	0	pss_growth_bytes_per_key_read	-3533.423545331529
val	P	0	pss_mib	45.2197265625
val	P	0	q1_p50_us	113.726
val	P	0	q1_p99_us	1503.386
val	P	0	q2_p50_us	187.454
val	P	0	q2_p99_us	851.963
val	P	0	q3_p50_us	285.53299999999996
val	P	0	q4_p50_us	201.695
val	P	0	q5_p50_us	202.141
val	P	0	q6_p50_us	487.07
val	P	0	write_p50_us	14435.014
val	P	0	write_p99_us	18198.777
val	N	1	c2_q1_p50_us	67.701
val	N	1	c2_q1_p99_us	275.62600000000003
val	N	1	c2_q2_p50_us	71.795
val	N	1	c4_q1_p50_us	132.148
val	N	1	c4_q1_p99_us	705.422
val	N	1	c4_q2_p50_us	145.353
val	N	1	c4_q2_p99_us	1440.734
val	N	1	commits_per_s	2410.1002481198207
val	N	1	pss_growth_bytes_per_key_read	10157.074846625766
val	N	1	pss_mib	13.4150390625
val	N	1	q1_p50_us	121.6
val	N	1	q1_p99_us	292.81100000000004
val	N	1	q2_p50_us	143.58599999999998
val	N	1	q5_p50_us	2272.007
val	N	1	q6_p50_us	3071.343
val	N	1	write_p50_us	373.682
val	N	1	write_p99_us	631.902
div	P+	1	1	
err	P+	1	Point((213, 0)) `select value from arm.rev_read(213, 0::smallint, (select applied_through from arm.rev_meta))`: [40P01] deadlock detected
val	P+	1	c2_q1_p50_us	595.196
val	P+	1	c2_q1_p99_us	5426.229
val	P+	1	c2_q2_p50_us	498.55699999999996
val	P+	1	c4_q1_p50_us	1613.384
val	P+	1	c4_q1_p99_us	1002295.5449999999
val	P+	1	c4_q2_p50_us	1434.499
val	P+	1	c4_q2_p99_us	3779.234
val	P+	1	commits_per_s	1046.415102197608
val	P+	1	pss_growth_bytes_per_key_read	-3167.489570552147
val	P+	1	pss_mib	45.35546875
val	P+	1	q1_p50_us	564.653
val	P+	1	q1_p99_us	1121.031
val	P+	1	q2_p50_us	458.159
val	P+	1	q3_p50_us	228.524
val	P+	1	q4_p50_us	1447.919
val	P+	1	q5_p50_us	3641.8700000000003
val	P+	1	q6_p50_us	3708.71
val	P+	1	write_p50_us	790.345
val	P+	1	write_p99_us	2536.478
val	P	1	c2_q1_p50_us	128.889
val	P	1	c2_q1_p99_us	2006.332
val	P	1	c2_q2_p50_us	205.982
val	P	1	c4_q1_p50_us	236.47899999999998
val	P	1	c4_q1_p99_us	2465.01
val	P	1	c4_q2_p50_us	334.166
val	P	1	c4_q2_p99_us	3051.956
val	P	1	commits_per_s	58.41060474669047
val	P	1	pss_growth_bytes_per_key_read	-3197.6441717791413
val	P	1	pss_mib	45.224609375
val	P	1	q1_p50_us	127.03000000000002
val	P	1	q1_p99_us	447.468
val	P	1	q2_p50_us	198.97
val	P	1	q3_p50_us	252.647
val	P	1	q4_p50_us	240.797
val	P	1	q5_p50_us	138.811
val	P	1	q6_p50_us	563.104
val	P	1	write_p50_us	15536.505000000001
val	P	1	write_p99_us	26347.004
val	M	1	c2_q1_p50_us	135.759
val	M	1	c2_q1_p99_us	2203.044
val	M	1	c2_q2_p50_us	213.68200000000002
val	M	1	c4_q1_p50_us	223.194
val	M	1	c4_q1_p99_us	2528.682
val	M	1	c4_q2_p50_us	368.825
val	M	1	c4_q2_p99_us	2171.794
val	M	1	commits_per_s	65.81844679128162
val	M	1	pss_growth_bytes_per_key_read	-3099.641717791411
val	M	1	pss_mib	45.4755859375
val	M	1	q1_p50_us	123.99399999999999
val	M	1	q1_p99_us	339.31100000000004
val	M	1	q2_p50_us	213.759
val	M	1	q3_p50_us	206.648
val	M	1	q4_p50_us	195.525
val	M	1	q5_p50_us	133.207
val	M	1	q6_p50_us	514.8530000000001
val	M	1	write_p50_us	14856.714
val	M	1	write_p99_us	18217.880999999998
val	P+	2	c2_q1_p50_us	617.4559999999999
val	P+	2	c2_q1_p99_us	2345.462
val	P+	2	c2_q2_p50_us	523.634
val	P+	2	c4_q1_p50_us	1475.652
val	P+	2	c4_q1_p99_us	6683.889
val	P+	2	c4_q2_p50_us	1393.5620000000001
val	P+	2	c4_q2_p99_us	6595.61
val	P+	2	commits_per_s	1110.8466061914369
val	P+	2	pss_growth_bytes_per_key_read	-2866.7198124267293
val	P+	2	pss_mib	45.4853515625
val	P+	2	q1_p50_us	557.9409999999999
val	P+	2	q1_p99_us	1536.009
val	P+	2	q2_p50_us	436.05100000000004
val	P+	2	q3_p50_us	249.95600000000002
val	P+	2	q4_p50_us	1515.6290000000001
val	P+	2	q5_p50_us	3702.366
val	P+	2	q6_p50_us	3875.59
val	P+	2	write_p50_us	766.361
val	P+	2	write_p99_us	2355.268
val	P	2	c2_q1_p50_us	114.042
val	P	2	c2_q1_p99_us	536.833
val	P	2	c2_q2_p50_us	203.835
val	P	2	c4_q1_p50_us	302.508
val	P	2	c4_q1_p99_us	2668.069
val	P	2	c4_q2_p50_us	359.68699999999995
val	P	2	c4_q2_p99_us	4072.926
val	P	2	commits_per_s	62.87915046997998
val	P	2	pss_growth_bytes_per_key_read	-3070.799531066823
val	P	2	pss_mib	45.2119140625
val	P	2	q1_p50_us	127.429
val	P	2	q1_p99_us	816.895
val	P	2	q2_p50_us	192.509
val	P	2	q3_p50_us	295.74899999999997
val	P	2	q4_p50_us	211.948
val	P	2	q5_p50_us	131.74099999999999
val	P	2	q6_p50_us	617.3199999999999
val	P	2	write_p50_us	15107.309
val	P	2	write_p99_us	22149.252
val	M	2	c2_q1_p50_us	110.425
val	M	2	c2_q1_p99_us	340.857
val	M	2	c2_q2_p50_us	202.806
val	M	2	c4_q1_p50_us	255.07500000000002
val	M	2	c4_q1_p99_us	1317.35
val	M	2	c4_q2_p50_us	333.81
val	M	2	c4_q2_p99_us	2556.9770000000003
val	M	2	commits_per_s	61.975857583569685
val	M	2	pss_growth_bytes_per_key_read	-2971.16060961313
val	M	2	pss_mib	45.4677734375
val	M	2	q1_p50_us	106.116
val	M	2	q1_p99_us	332.555
val	M	2	q2_p50_us	192.381
val	M	2	q3_p50_us	295.196
val	M	2	q4_p50_us	232.95100000000002
val	M	2	q5_p50_us	136.838
val	M	2	q6_p50_us	586.9789999999999
val	M	2	write_p50_us	14884.911
val	M	2	write_p99_us	21702.49
val	N	2	c2_q1_p50_us	65.054
val	N	2	c2_q1_p99_us	137.044
val	N	2	c2_q2_p50_us	69.887
val	N	2	c4_q1_p50_us	130.585
val	N	2	c4_q1_p99_us	470.994
val	N	2	c4_q2_p50_us	162.119
val	N	2	c4_q2_p99_us	626.6320000000001
val	N	2	commits_per_s	2531.7859395242417
val	N	2	pss_growth_bytes_per_key_read	10103.14654161782
val	N	2	pss_mib	13.7392578125
val	N	2	q1_p50_us	110.76
val	N	2	q1_p99_us	197.572
val	N	2	q2_p50_us	129.977
val	N	2	q5_p50_us	2269.863
val	N	2	q6_p50_us	3108.089
val	N	2	write_p50_us	360.445
val	N	2	write_p99_us	585.869
val	P	3	c2_q1_p50_us	127.703
val	P	3	c2_q1_p99_us	978.1
val	P	3	c2_q2_p50_us	190.25199999999998
val	P	3	c4_q1_p50_us	199.507
val	P	3	c4_q1_p99_us	1980.001
val	P	3	c4_q2_p50_us	276.40999999999997
val	P	3	c4_q2_p99_us	2168.016
val	P	3	commits_per_s	61.61593115390759
val	P	3	pss_growth_bytes_per_key_read	-2806.475760992108
val	P	3	pss_mib	45.3359375
val	P	3	q1_p50_us	114.754
val	P	3	q1_p99_us	1015.476
val	P	3	q2_p50_us	195.546
val	P	3	q3_p50_us	208.97400000000002
val	P	3	q4_p50_us	379.382
val	P	3	q5_p50_us	185.15200000000002
val	P	3	q6_p50_us	635.423
val	P	3	write_p50_us	15128.188
val	P	3	write_p99_us	26801.599
val	M	3	c2_q1_p50_us	118.57900000000001
val	M	3	c2_q1_p99_us	1736.3680000000002
val	M	3	c2_q2_p50_us	210.822
val	M	3	c4_q1_p50_us	288.171
val	M	3	c4_q1_p99_us	2676.77
val	M	3	c4_q2_p50_us	345.137
val	M	3	c4_q2_p99_us	2913.028
val	M	3	commits_per_s	59.65955169438407
val	M	3	pss_growth_bytes_per_key_read	-2972.71702367531
val	M	3	pss_mib	45.3701171875
val	M	3	q1_p50_us	109.56200000000001
val	M	3	q1_p99_us	340.40999999999997
val	M	3	q2_p50_us	181.764
val	M	3	q3_p50_us	248.22899999999998
val	M	3	q4_p50_us	329.694
val	M	3	q5_p50_us	139.05300000000003
val	M	3	q6_p50_us	526.607
val	M	3	write_p50_us	14835.956
val	M	3	write_p99_us	25720.744
val	N	3	c2_q1_p50_us	63.522000000000006
val	N	3	c2_q1_p99_us	285.24600000000004
val	N	3	c2_q2_p50_us	74.167
val	N	3	c4_q1_p50_us	124.449
val	N	3	c4_q1_p99_us	611.433
val	N	3	c4_q2_p50_us	174.329
val	N	3	c4_q2_p99_us	562.495
val	N	3	commits_per_s	2191.472454725275
val	N	3	pss_growth_bytes_per_key_read	9743.58511837655
val	N	3	pss_mib	13.7626953125
val	N	3	q1_p50_us	111.809
val	N	3	q1_p99_us	276.15000000000003
val	N	3	q2_p50_us	120.11999999999999
val	N	3	q5_p50_us	2262.118
val	N	3	q6_p50_us	3105.5119999999997
val	N	3	write_p50_us	390.83299999999997
val	N	3	write_p99_us	911.283
val	P+	3	c2_q1_p50_us	765.064
val	P+	3	c2_q1_p99_us	5372.194
val	P+	3	c2_q2_p50_us	672.081
val	P+	3	c4_q1_p50_us	1727.2730000000001
val	P+	3	c4_q1_p99_us	9435.139000000001
val	P+	3	c4_q2_p50_us	1482.508
val	P+	3	c4_q2_p99_us	4937.042
val	P+	3	commits_per_s	1081.67354584
val	P+	3	pss_growth_bytes_per_key_read	-2866.5073280721535
val	P+	3	pss_mib	45.392578125
val	P+	3	q1_p50_us	514.4340000000001
val	P+	3	q1_p99_us	1082.9850000000001
val	P+	3	q2_p50_us	399.142
val	P+	3	q3_p50_us	220.025
val	P+	3	q4_p50_us	1464.7379999999998
val	P+	3	q5_p50_us	3812.87
val	P+	3	q6_p50_us	3784.291
val	P+	3	write_p50_us	701.0360000000001
val	P+	3	write_p99_us	2784.0550000000003
val	M	4	c2_q1_p50_us	119.40100000000001
val	M	4	c2_q1_p99_us	1050.771
val	M	4	c2_q2_p50_us	210.416
val	M	4	c4_q1_p50_us	197.175
val	M	4	c4_q1_p99_us	2167.1820000000002
val	M	4	c4_q2_p50_us	258.676
val	M	4	c4_q2_p99_us	2500.872
val	M	4	commits_per_s	63.86639681155446
val	M	4	pss_growth_bytes_per_key_read	-51.47978142076503
val	M	4	pss_mib	47.83984375
val	M	4	q1_p50_us	130.49900000000002
val	M	4	q1_p99_us	549.7320000000001
val	M	4	q2_p50_us	231.10399999999998
val	M	4	q3_p50_us	252.309
val	M	4	q4_p50_us	232.672
val	M	4	q5_p50_us	146.12800000000001
val	M	4	q6_p50_us	625.1129999999999
val	M	4	write_p50_us	15037.137
val	M	4	write_p99_us	19145.059999999998
val	N	4	c2_q1_p50_us	66.974
val	N	4	c2_q1_p99_us	185.33100000000002
val	N	4	c2_q2_p50_us	96.558
val	N	4	c4_q1_p50_us	220.306
val	N	4	c4_q1_p99_us	594.028
val	N	4	c4_q2_p50_us	230.113
val	N	4	c4_q2_p99_us	506.04800000000006
val	N	4	commits_per_s	2280.7178194421845
val	N	4	pss_growth_bytes_per_key_read	9539.427322404372
val	N	4	pss_mib	13.8447265625
val	N	4	q1_p50_us	120.449
val	N	4	q1_p99_us	317.39399999999995
val	N	4	q2_p50_us	148.815
val	N	4	q5_p50_us	2314.927
val	N	4	q6_p50_us	3098.108
val	N	4	write_p50_us	416.76
val	N	4	write_p99_us	702.843
div	P+	4	1	
err	P+	4	Point((414, 0)) `select value from arm.rev_read(414, 0::smallint, (select applied_through from arm.rev_meta))`: [40P01] deadlock detected
val	P+	4	c2_q1_p50_us	695.739
val	P+	4	c2_q1_p99_us	7859.348
val	P+	4	c2_q2_p50_us	582.691
val	P+	4	c4_q1_p50_us	1593.466
val	P+	4	c4_q1_p99_us	1002522.8989999999
val	P+	4	c4_q2_p50_us	1431.3100000000002
val	P+	4	c4_q2_p99_us	4039.841
val	P+	4	commits_per_s	1000.8608404088355
val	P+	4	pss_growth_bytes_per_key_read	-2699.3311475409837
val	P+	4	pss_mib	45.4619140625
val	P+	4	q1_p50_us	581.625
val	P+	4	q1_p99_us	3399.549
val	P+	4	q2_p50_us	443.82800000000003
val	P+	4	q3_p50_us	247.82500000000002
val	P+	4	q4_p50_us	1670.368
val	P+	4	q5_p50_us	3884.5099999999998
val	P+	4	q6_p50_us	3875.9990000000003
val	P+	4	write_p50_us	892.4350000000001
val	P+	4	write_p99_us	2616.948
val	P	4	c2_q1_p50_us	122.54299999999999
val	P	4	c2_q1_p99_us	883.001
val	P	4	c2_q2_p50_us	215.12699999999998
val	P	4	c4_q1_p50_us	246.99200000000002
val	P	4	c4_q1_p99_us	2463.199
val	P	4	c4_q2_p50_us	302.86100000000005
val	P	4	c4_q2_p99_us	3571.424
val	P	4	commits_per_s	58.28763563270517
val	P	4	pss_growth_bytes_per_key_read	73.86229508196722
val	P	4	pss_mib	47.7744140625
val	P	4	q1_p50_us	125.87899999999999
val	P	4	q1_p99_us	392.75300000000004
val	P	4	q2_p50_us	226.745
val	P	4	q3_p50_us	244.20300000000003
val	P	4	q4_p50_us	295.198
val	P	4	q5_p50_us	171.62199999999999
val	P	4	q6_p50_us	536.385
val	P	4	write_p50_us	15400.15
val	P	4	write_p99_us	27858.713
val	N	5	c2_q1_p50_us	171.9
val	N	5	c2_q1_p99_us	473.502
val	N	5	c2_q2_p50_us	190.765
val	N	5	c4_q1_p50_us	172.498
val	N	5	c4_q1_p99_us	558.481
val	N	5	c4_q2_p50_us	185.853
val	N	5	c4_q2_p99_us	719.781
val	N	5	commits_per_s	2356.663873627199
val	N	5	pss_growth_bytes_per_key_read	9443.555555555555
val	N	5	pss_mib	13.9501953125
val	N	5	q1_p50_us	108.58699999999999
val	N	5	q1_p99_us	185.303
val	N	5	q2_p50_us	120.452
val	N	5	q5_p50_us	2348.719
val	N	5	q6_p50_us	3228.7380000000003
val	N	5	write_p50_us	371.883
val	N	5	write_p99_us	853.505
div	P+	5	1	
err	P+	5	Point((528, 0)) `select value from arm.rev_read(528, 0::smallint, (select applied_through from arm.rev_meta))`: [40P01] deadlock detected
val	P+	5	c2_q1_p50_us	793.361
val	P+	5	c2_q1_p99_us	4657.363
val	P+	5	c2_q2_p50_us	743.0200000000001
val	P+	5	c4_q1_p50_us	1553.78
val	P+	5	c4_q1_p99_us	1003278.898
val	P+	5	c4_q2_p50_us	1349.654
val	P+	5	c4_q2_p99_us	1004569.032
val	P+	5	commits_per_s	1026.5324769725667
val	P+	5	pss_growth_bytes_per_key_read	-2692.3760683760684
val	P+	5	pss_mib	45.4140625
val	P+	5	q1_p50_us	560.8829999999999
val	P+	5	q1_p99_us	1173.3570000000002
val	P+	5	q2_p50_us	419.389
val	P+	5	q3_p50_us	282.774
val	P+	5	q4_p50_us	1421.603
val	P+	5	q5_p50_us	3746.81
val	P+	5	q6_p50_us	3985.0060000000003
val	P+	5	write_p50_us	856.479
val	P+	5	write_p99_us	2523.97
val	P	5	c2_q1_p50_us	132.045
val	P	5	c2_q1_p99_us	1668.202
val	P	5	c2_q2_p50_us	216.173
val	P	5	c4_q1_p50_us	232.005
val	P	5	c4_q1_p99_us	2400.083
val	P	5	c4_q2_p50_us	348.8
val	P	5	c4_q2_p99_us	2593.1240000000003
val	P	5	commits_per_s	61.24249296411027
val	P	5	pss_growth_bytes_per_key_read	-2607.042735042735
val	P	5	pss_mib	45.3828125
val	P	5	q1_p50_us	122.165
val	P	5	q1_p99_us	419.488
val	P	5	q2_p50_us	222.583
val	P	5	q3_p50_us	249.55300000000003
val	P	5	q4_p50_us	207.67100000000002
val	P	5	q5_p50_us	128.625
val	P	5	q6_p50_us	560.6819999999999
val	P	5	write_p50_us	14648.051000000001
val	P	5	write_p99_us	29744.234
val	M	5	c2_q1_p50_us	127.99799999999999
val	M	5	c2_q1_p99_us	1935.013
val	M	5	c2_q2_p50_us	215.209
val	M	5	c4_q1_p50_us	169.00699999999998
val	M	5	c4_q1_p99_us	2322.981
val	M	5	c4_q2_p50_us	288.402
val	M	5	c4_q2_p99_us	2185.6620000000003
val	M	5	commits_per_s	62.747118348786245
val	M	5	pss_growth_bytes_per_key_read	-2728.4786324786323
val	M	5	pss_mib	45.44921875
val	M	5	q1_p50_us	112.981
val	M	5	q1_p99_us	405.636
val	M	5	q2_p50_us	199.805
val	M	5	q3_p50_us	269.278
val	M	5	q4_p50_us	241.394
val	M	5	q5_p50_us	137.29500000000002
val	M	5	q6_p50_us	692.404
val	M	5	write_p50_us	14857.411
val	M	5	write_p99_us	29352.995
val	P+	6	c2_q1_p50_us	605.516
val	P+	6	c2_q1_p99_us	5242.723
val	P+	6	c2_q2_p50_us	572.997
val	P+	6	c4_q1_p50_us	1871.073
val	P+	6	c4_q1_p99_us	9803.467999999999
val	P+	6	c4_q2_p50_us	1533.286
val	P+	6	c4_q2_p99_us	5461.344
val	P+	6	commits_per_s	1075.6971875843244
val	P+	6	pss_growth_bytes_per_key_read	-2636.050209205021
val	P+	6	pss_mib	45.4140625
val	P+	6	q1_p50_us	520.925
val	P+	6	q1_p99_us	2916.388
val	P+	6	q2_p50_us	380.59200000000004
val	P+	6	q2_p99_us	3645.4
val	P+	6	q3_p50_us	234.001
val	P+	6	q4_p50_us	1416.552
val	P+	6	q5_p50_us	3653.608
val	P+	6	q6_p50_us	3834.876
val	P+	6	write_p50_us	776.283
val	P+	6	write_p99_us	3260.555
val	P	6	c2_q1_p50_us	129.021
val	P	6	c2_q1_p99_us	474.687
val	P	6	c2_q2_p50_us	245.16899999999998
val	P	6	c4_q1_p50_us	165.334
val	P	6	c4_q1_p99_us	2558.7219999999998
val	P	6	c4_q2_p50_us	278.903
val	P	6	c4_q2_p99_us	2300.719
val	P	6	commits_per_s	65.86740609241097
val	P	6	pss_growth_bytes_per_key_read	-2574.9958158995814
val	P	6	pss_mib	45.3623046875
val	P	6	q1_p50_us	125.972
val	P	6	q1_p99_us	693.766
val	P	6	q2_p50_us	207.85199999999998
val	P	6	q2_p99_us	1631.625
val	P	6	q3_p50_us	199.60999999999999
val	P	6	q4_p50_us	211.637
val	P	6	q5_p50_us	160.908
val	P	6	q6_p50_us	520.367
val	P	6	write_p50_us	14841.337
val	P	6	write_p99_us	18980.493000000002
val	M	6	c2_q1_p50_us	124.624
val	M	6	c2_q1_p99_us	2385.6369999999997
val	M	6	c2_q2_p50_us	211.309
val	M	6	c4_q1_p50_us	246.324
val	M	6	c4_q1_p99_us	2785.342
val	M	6	c4_q2_p50_us	328.658
val	M	6	c4_q2_p99_us	3630.143
val	M	6	commits_per_s	58.462814021203336
val	M	6	pss_growth_bytes_per_key_read	-2701.389121338912
val	M	6	pss_mib	45.421875
val	M	6	q1_p50_us	142.857
val	M	6	q1_p99_us	513.211
val	M	6	q2_p50_us	215.785
val	M	6	q2_p99_us	1585.366
val	M	6	q3_p50_us	248.695
val	M	6	q4_p50_us	322.096
val	M	6	q5_p50_us	190.102
val	M	6	q6_p50_us	655.591
val	M	6	write_p50_us	15398.526
val	M	6	write_p99_us	26292.34
val	N	6	c2_q1_p50_us	150.67600000000002
val	N	6	c2_q1_p99_us	803.035
val	N	6	c2_q2_p50_us	187.773
val	N	6	c4_q1_p50_us	200.541
val	N	6	c4_q1_p99_us	853.127
val	N	6	c4_q2_p50_us	251.97099999999998
val	N	6	c4_q2_p99_us	778.6279999999999
val	N	6	commits_per_s	2232.374814838462
val	N	6	pss_growth_bytes_per_key_read	5835.514644351464
val	N	6	pss_mib	10.8408203125
val	N	6	q1_p50_us	124.602
val	N	6	q1_p99_us	963.088
val	N	6	q2_p50_us	149.204
val	N	6	q2_p99_us	540.406
val	N	6	q5_p50_us	2518.412
val	N	6	q6_p50_us	3218.757
val	N	6	write_p50_us	411.109
val	N	6	write_p99_us	684.523
val	P	7	c2_q1_p50_us	131.678
val	P	7	c2_q1_p99_us	542.524
val	P	7	c2_q2_p50_us	232.947
val	P	7	c4_q1_p50_us	237.755
val	P	7	c4_q1_p99_us	1996.7140000000002
val	P	7	c4_q2_p50_us	317.215
val	P	7	c4_q2_p99_us	2268.44
val	P	7	commits_per_s	64.72181600742994
val	P	7	pss_growth_bytes_per_key_read	-2550.980310880829
val	P	7	pss_mib	45.3623046875
val	P	7	q1_p50_us	117.44
val	P	7	q1_p99_us	386.6
val	P	7	q2_p50_us	201.73000000000002
val	P	7	q2_p99_us	1456.901
val	P	7	q3_p50_us	225.527
val	P	7	q4_p50_us	227.865
val	P	7	q5_p50_us	188.773
val	P	7	q6_p50_us	535.345
val	P	7	write_p50_us	14910.467
val	P	7	write_p99_us	18959.126
val	M	7	c2_q1_p50_us	121.374
val	M	7	c2_q1_p99_us	3844.496
val	M	7	c2_q2_p50_us	213.376
val	M	7	c4_q1_p50_us	148.04
val	M	7	c4_q1_p99_us	3126.81
val	M	7	c4_q2_p50_us	299.564
val	M	7	c4_q2_p99_us	3597.9190000000003
val	M	7	commits_per_s	53.31730373477955
val	M	7	pss_growth_bytes_per_key_read	-2613.5875647668395
val	M	7	pss_mib	45.4794921875
val	M	7	q1_p50_us	131.968
val	M	7	q1_p99_us	771.596
val	M	7	q2_p50_us	216.443
val	M	7	q2_p99_us	1396.6090000000002
val	M	7	q3_p50_us	242.27100000000002
val	M	7	q4_p50_us	206.286
val	M	7	q5_p50_us	158.255
val	M	7	q6_p50_us	601.9680000000001
val	M	7	write_p50_us	15989.815
val	M	7	write_p99_us	30474.515
val	N	7	c2_q1_p50_us	158.307
val	N	7	c2_q1_p99_us	398.358
val	N	7	c2_q2_p50_us	224.09400000000002
val	N	7	c4_q1_p50_us	176.555
val	N	7	c4_q1_p99_us	890.2339999999999
val	N	7	c4_q2_p50_us	188.708
val	N	7	c4_q2_p99_us	754.471
val	N	7	commits_per_s	1827.3125668396672
val	N	7	pss_growth_bytes_per_key_read	9180.982383419689
val	N	7	pss_mib	13.9697265625
val	N	7	q1_p50_us	135.05700000000002
val	N	7	q1_p99_us	562.9050000000001
val	N	7	q2_p50_us	152.048
val	N	7	q2_p99_us	375.37
val	N	7	q5_p50_us	2419.253
val	N	7	q6_p50_us	3326.16
val	N	7	write_p50_us	510.89500000000004
val	N	7	write_p99_us	983.988
div	P+	7	1	
err	P+	7	Point((670, 0)) `select value from arm.rev_read(670, 0::smallint, (select applied_through from arm.rev_meta))`: [40P01] deadlock detected
val	P+	7	c2_q1_p50_us	534.877
val	P+	7	c2_q1_p99_us	2329.2529999999997
val	P+	7	c2_q2_p50_us	489.74100000000004
val	P+	7	c4_q1_p50_us	1643.755
val	P+	7	c4_q1_p99_us	1002155.98
val	P+	7	c4_q2_p50_us	1163.6470000000002
val	P+	7	c4_q2_p99_us	5734.364
val	P+	7	commits_per_s	1107.933496291885
val	P+	7	pss_growth_bytes_per_key_read	-2610.4041450777204
val	P+	7	pss_mib	45.4150390625
val	P+	7	q1_p50_us	571.538
val	P+	7	q1_p99_us	3001.885
val	P+	7	q2_p50_us	470.16
val	P+	7	q2_p99_us	4223.862
val	P+	7	q3_p50_us	254.67399999999998
val	P+	7	q4_p50_us	1467.722
val	P+	7	q5_p50_us	3838.8430000000003
val	P+	7	q6_p50_us	4020.5909999999994
val	P+	7	write_p50_us	770.406
val	P+	7	write_p99_us	2741.059
val	M	8	c2_q1_p50_us	149.391
val	M	8	c2_q1_p99_us	2199.3759999999997
val	M	8	c2_q2_p50_us	211.26399999999998
val	M	8	c4_q1_p50_us	148.54700000000003
val	M	8	c4_q1_p99_us	3339.795
val	M	8	c4_q2_p50_us	236.141
val	M	8	c4_q2_p99_us	2591.825
val	M	8	commits_per_s	67.77657173886807
val	M	8	pss_growth_bytes_per_key_read	-2576.3797729618163
val	M	8	pss_mib	45.50390625
val	M	8	q1_p50_us	102.49199999999999
val	M	8	q1_p99_us	316.506
val	M	8	q2_p50_us	169.68800000000002
val	M	8	q2_p99_us	1117.9969999999998
val	M	8	q3_p50_us	191.225
val	M	8	q4_p50_us	200.35
val	M	8	q5_p50_us	144.074
val	M	8	write_p50_us	14402.776000000002
val	M	8	write_p99_us	18710.414
val	N	8	c2_q1_p50_us	132.389
val	N	8	c2_q1_p99_us	304.726
val	N	8	c2_q2_p50_us	124.58599999999998
val	N	8	c4_q1_p50_us	279.282
val	N	8	c4_q1_p99_us	1002.4509999999999
val	N	8	c4_q2_p50_us	292.07099999999997
val	N	8	c4_q2_p99_us	1041.089
val	N	8	commits_per_s	2528.813618470556
val	N	8	pss_growth_bytes_per_key_read	9193.808049535604
val	N	8	pss_mib	14.0166015625
val	N	8	q1_p50_us	110.955
val	N	8	q1_p99_us	290.92199999999997
val	N	8	q2_p50_us	125.411
val	N	8	q2_p99_us	426.66900000000004
val	N	8	q5_p50_us	2331.5660000000003
val	N	8	write_p50_us	350.90000000000003
val	N	8	write_p99_us	779.531
val	P+	8	c2_q1_p50_us	600.317
val	P+	8	c2_q1_p99_us	4538.356000000001
val	P+	8	c2_q2_p50_us	510.631
val	P+	8	c4_q1_p50_us	1691.851
val	P+	8	c4_q1_p99_us	6759.25
val	P+	8	c4_q2_p50_us	1285.082
val	P+	8	c4_q2_p99_us	3149.15
val	P+	8	commits_per_s	1087.9473816424766
val	P+	8	pss_growth_bytes_per_key_read	-2581.6635706914344
val	P+	8	pss_mib	45.431640625
val	P+	8	q1_p50_us	561.9620000000001
val	P+	8	q1_p99_us	1275.898
val	P+	8	q2_p50_us	439.49100000000004
val	P+	8	q2_p99_us	4543.905
val	P+	8	q3_p50_us	262.473
val	P+	8	q4_p50_us	1518.012
val	P+	8	q5_p50_us	4278.688999999999
val	P+	8	write_p50_us	816.742
val	P+	8	write_p99_us	2706.553
val	P	8	c2_q1_p50_us	313.451
val	P	8	c2_q1_p99_us	2183.4379999999996
val	P	8	c2_q2_p50_us	380.515
val	P	8	c4_q1_p50_us	154.222
val	P	8	c4_q1_p99_us	1957.612
val	P	8	c4_q2_p50_us	306.919
val	P	8	c4_q2_p99_us	2391.8089999999997
val	P	8	commits_per_s	66.23247745297445
val	P	8	pss_growth_bytes_per_key_read	-2518.2579979360166
val	P	8	pss_mib	45.3828125
val	P	8	q1_p50_us	111.413
val	P	8	q1_p99_us	369.846
val	P	8	q2_p50_us	189.629
val	P	8	q2_p99_us	1224.189
val	P	8	q3_p50_us	203.48299999999998
val	P	8	q4_p50_us	221.884
val	P	8	q5_p50_us	152.616
val	P	8	write_p50_us	14762.062
val	P	8	write_p99_us	19495.842
val	N	9	c2_q1_p50_us	60.844
val	N	9	c2_q1_p99_us	191.981
val	N	9	c2_q2_p50_us	73.356
val	N	9	c4_q1_p50_us	182.62
val	N	9	c4_q1_p99_us	543.831
val	N	9	c4_q2_p50_us	235.608
val	N	9	c4_q2_p99_us	732.1819999999999
val	N	9	commits_per_s	2107.487111399135
val	N	9	pss_growth_bytes_per_key_read	9205.486652977414
val	N	9	pss_mib	14.0712890625
val	N	9	q1_p50_us	113.791
val	N	9	q1_p99_us	651.424
val	N	9	q2_p50_us	131.817
val	N	9	q5_p50_us	2444.233
val	N	9	q6_p50_us	3276.439
val	N	9	write_p50_us	454.516
val	N	9	write_p99_us	786.53
val	P+	9	c2_q1_p50_us	784.766
val	P+	9	c2_q1_p99_us	11754.983
val	P+	9	c2_q2_p50_us	550.599
val	P+	9	c4_q1_p50_us	1751.797
val	P+	9	c4_q1_p99_us	9210.607
val	P+	9	c4_q2_p50_us	1373.898
val	P+	9	c4_q2_p99_us	6361.996
val	P+	9	commits_per_s	948.9841314669474
val	P+	9	pss_growth_bytes_per_key_read	-2586.283367556468
val	P+	9	pss_mib	45.4150390625
val	P+	9	q1_p50_us	618.938
val	P+	9	q1_p99_us	2905.608
val	P+	9	q2_p50_us	490.578
val	P+	9	q3_p50_us	250.957
val	P+	9	q4_p50_us	1635.462
val	P+	9	q5_p50_us	3929.9030000000002
val	P+	9	q6_p50_us	4052.8500000000004
val	P+	9	write_p50_us	850.896
val	P+	9	write_p99_us	2663.6490000000003
val	P	9	c2_q1_p50_us	132.14
val	P	9	c2_q1_p99_us	2540.6220000000003
val	P	9	c2_q2_p50_us	220.841
val	P	9	c4_q1_p50_us	249.58499999999998
val	P	9	c4_q1_p99_us	3715.855
val	P	9	c4_q2_p50_us	338.07500000000005
val	P	9	c4_q2_p99_us	3094.824
val	P	9	commits_per_s	58.37774885166809
val	P	9	pss_growth_bytes_per_key_read	-2463.277207392197
val	P	9	pss_mib	45.421875
val	P	9	q1_p50_us	127.589
val	P	9	q1_p99_us	408.453
val	P	9	q2_p50_us	219.653
val	P	9	q3_p50_us	174.749
val	P	9	q4_p50_us	333.21099999999996
val	P	9	q5_p50_us	128.70399999999998
val	P	9	q6_p50_us	512.652
val	P	9	write_p50_us	15348.359
val	P	9	write_p99_us	26615.632999999998
val	M	9	c2_q1_p50_us	125.313
val	M	9	c2_q1_p99_us	1038.282
val	M	9	c2_q2_p50_us	203.65699999999998
val	M	9	c4_q1_p50_us	145.917
val	M	9	c4_q1_p99_us	2023.13
val	M	9	c4_q2_p50_us	267.892
val	M	9	c4_q2_p99_us	2103.933
val	M	9	commits_per_s	61.19431319411659
val	M	9	pss_growth_bytes_per_key_read	-2652.5174537987677
val	M	9	pss_mib	45.4208984375
val	M	9	q1_p50_us	110.85
val	M	9	q1_p99_us	312.685
val	M	9	q2_p50_us	229.687
val	M	9	q3_p50_us	206.487
val	M	9	q4_p50_us	320.654
val	M	9	q5_p50_us	137.93599999999998
val	M	9	q6_p50_us	675.613
val	M	9	write_p50_us	15187.268
val	M	9	write_p99_us	30610.178
pooled	M	c2_q1	820	124.624	1717.789	3844.496
pooled	M	c2_q2	380	213.376	1853.946	2252.616
pooled	M	c4_q1	1630	201.94899999999998	2528.682	3339.795
pooled	M	c4_q2	770	309.857	2500.872	3630.143
pooled	M	q1	1044	118.436	433.322	1540.0030000000002
pooled	M	q2	484	205.787	1585.366	4669.197
pooled	M	q3	99	252.74500000000003	789.234	789.234
pooled	M	q4	43	233.288	1375.759	1375.759
pooled	M	q5	93	152.83	1367.5449999999998	1367.5449999999998
pooled	M	q6	37	642.407	1046.96	1046.96
pooled	M	write	200	14958.048	29352.995	30610.178
pooled	N	c2_q1	820	89.02399999999999	344.311	803.035
pooled	N	c2_q2	380	114.929	690.343	925.8009999999999
pooled	N	c4_q1	1630	165.832	682.931	1002.4509999999999
pooled	N	c4_q2	770	193.284	778.6279999999999	1440.734
pooled	N	q1	1044	117.89	361.327	1080.33
pooled	N	q2	484	137.514	488.84099999999995	540.406
pooled	N	q5	93	2331.5660000000003	3721.875	3721.875
pooled	N	q6	37	3218.757	4369.657	4369.657
pooled	N	write	200	402.84799999999996	853.505	983.988
pooled	P	c2_q1	820	131.15499999999997	1315.95	2540.6220000000003
pooled	P	c2_q2	380	231.90099999999998	2213.481	2512.575
pooled	P	c4_q1	1630	229.352	2505.279	4904.017
pooled	P	c4_q2	770	322.171	2593.1240000000003	4072.926
pooled	P	q1	1044	119.70500000000001	602.983	1709.742
pooled	P	q2	484	202.642	1456.901	2296.433
pooled	P	q3	99	235.951	1204.417	1204.417
pooled	P	q4	43	222.381	1325.2769999999998	1325.2769999999998
pooled	P	q5	93	158.68300000000002	372.721	372.721
pooled	P	q6	37	561.745	1342.5620000000001	1342.5620000000001
pooled	P	write	200	14969.286	27775.136	29744.234
pooled	P+	c2_q1	820	649.734	4657.363	11754.983
pooled	P+	c2_q2	380	558.376	4231.232	6716.4490000000005
pooled	P+	c4_q1	1626	1637.98	10392.115	1004478.25
pooled	P+	c4_q2	770	1421.9460000000001	4937.042	1004569.032
pooled	P+	q1	1044	561.0600000000001	2312.157	4211.168000000001
pooled	P+	q2	484	438.87	3706.798	4543.905
pooled	P+	q3	99	255.519	1923.1599999999999	1923.1599999999999
pooled	P+	q4	43	1506.573	3440.149	3440.149
pooled	P+	q5	93	3785.933	9116.984	9116.984
pooled	P+	q6	37	3942.1940000000004	7359.362	7359.362
pooled	P+	write	200	792.664	2784.0550000000003	3260.555
