task	surface	op	site	line	in_annotation	mutation	class	detail
Q01	SQL	M1	0	1	no	usd → eur in `amt_usd`	silent	row 1: expected ["1", "usd", "-3329731"], got ["1", "usd", "NULL"]
Q01	SQL	M1	1	1	no	eur → usd in `amt_eur`	silent	row 0: expected ["1", "eur", "291173"], got ["1", "eur", "NULL"]
Q01	SQL	M1	2	1	no	jpy → usd in `amt_jpy`	silent	row 5: expected ["11", "jpy", "-2649"], got ["11", "jpy", "NULL"]
Q02	SQL	M1	0	1	no	usd → eur in `amt_usd`	silent	row 0: expected ["1", "-3329731"], got ["1", "NULL"]
Q02	SQL	M1	1	3	no	usd → eur in `'usd'`	silent	2 rows expected, 0 returned
Q02	SQL	M1	2	5	no	usd → eur in `amt_usd`	silent	2 rows expected, 0 returned
Q02	SQL	M3	0	3	no	`where` clause dropped	silent	2 rows expected, 0 returned
Q02	SQL	M3	1	5	no	`having` clause dropped	silent	2 rows expected, 18 returned
Q02	SQL2	M1	0	3	no	usd → eur in `'usd'`	silent	2 rows expected, 9 returned
Q02	SQL2	M3	0	3	no	`where` clause dropped	silent	2 rows expected, 6 returned
Q02	SQL2	M3	1	5	no	`having` clause dropped	silent	2 rows expected, 18 returned
Q02	NL	M1	0	1	no	usd → eur in `"usd"`	silent	2 rows expected, 9 returned
Q02	NL	M1	1	1	no	usd → eur in `usd`	equivalent	
Q02	NL	M3	0	1	no	`where` clause dropped	silent	2 rows expected, 6 returned
Q02	NL	M3	1	1	no	`having` clause dropped	silent	2 rows expected, 18 returned
Q02	RS	M1	0	2	no	usd → eur in `"usd"`	silent	2 rows expected, 9 returned
Q02	RS	M1	1	5	no	usd → eur in `usd`	equivalent	
Q02	RS	M3	0	2	no	`.where` clause dropped	silent	2 rows expected, 6 returned
Q02	RS	M3	1	5	no	`.having` clause dropped	silent	2 rows expected, 18 returned
Q03	SQL	M1	0	1	no	usd → eur in `amt_usd`	silent	row 2: expected ["1", "usd", "-876699"], got ["1", "usd", "NULL"]
Q03	SQL	M1	1	1	no	eur → usd in `amt_eur`	silent	row 0: expected ["1", "eur", "173997"], got ["1", "eur", "NULL"]
Q03	SQL	M1	2	1	no	jpy → usd in `amt_jpy`	silent	row 1: expected ["1", "jpy", "-16629"], got ["1", "jpy", "NULL"]
Q03	SQL	M3	0	3	no	`on` clause dropped	static	parse: expected `on` or `using` after the joined table (found Ident("group"))
Q03	SQL2	M3	0	3	no	`on` clause dropped	static	parse: expected `on` or `using` after the joined table (found Ident("group"))
Q03	NL	M3	0	1	no	`on` clause dropped	equivalent	
Q04	SQL	M3	0	3	no	`where` clause dropped	silent	2 rows expected, 20 returned
Q04	SQL	M3	1	3	no	`where` clause dropped	silent	2 rows expected, 0 returned
Q04	SQL2	M3	0	3	no	`where` clause dropped	silent	2 rows expected, 20 returned
Q04	SQL2	M3	1	3	no	`where` clause dropped	silent	2 rows expected, 0 returned
Q04	NL	M3	0	1	no	`where` clause dropped	silent	2 rows expected, 20 returned
Q04	RS	M3	0	3	no	`.where` clause dropped	silent	2 rows expected, 20 returned
Q05	SQL	M1	0	1	no	usd → eur in `amt_usd`	silent	row 0: expected ["17", "2000000"], got ["1", "NULL"]
Q05	SQL	M1	1	3	no	usd → eur in `'usd'`	silent	row 0: expected ["17", "2000000"], got ["1", "NULL"]
Q05	SQL	M3	0	3	no	`where` clause dropped	silent	row 0: expected ["17", "2000000"], got ["1", "NULL"]
Q05	SQL2	M1	0	3	no	usd → eur in `'usd'`	silent	row 0: expected ["17", "2000000"], got ["1", "291173"]
Q05	SQL2	M3	0	3	no	`where` clause dropped	silent	row 0: expected ["17", "2000000"], got ["17", "2010978"]
Q05	NL	M1	0	1	no	usd → eur in `"usd"`	silent	row 0: expected ["17", "2000000"], got ["1", "291173"]
Q05	NL	M3	0	1	no	`where` clause dropped	silent	row 0: expected ["17", "2000000"], got ["17", "2010978"]
Q05	RS	M1	0	2	no	usd → eur in `"usd"`	silent	row 0: expected ["17", "2000000"], got ["1", "291173"]
Q05	RS	M3	0	2	no	`.where` clause dropped	silent	row 0: expected ["17", "2000000"], got ["17", "2010978"]
Q07	SQL	M1	0	2	no	usd → eur in `amt_usd`	silent	row 4: expected ["1", "usd", "10", "-152785"], got ["1", "usd", "10", "NULL"]
Q07	SQL	M1	1	2	no	eur → usd in `amt_eur`	silent	row 0: expected ["1", "eur", "30", "77501"], got ["1", "eur", "30", "NULL"]
Q07	SQL	M1	2	2	no	jpy → usd in `amt_jpy`	silent	row 47: expected ["11", "jpy", "66", "-2649"], got ["11", "jpy", "66", "NULL"]
Q08	SQL	M1	0	3	no	usd → eur in `amt_usd`	silent	row 0: expected ["1", "1", "5"], got ["1", "1", "1"]
Q08	SQL	M1	1	6	no	usd → eur in `'usd'`	silent	row 0: expected ["1", "1", "5"], got ["1", "1", "1"]
Q08	SQL	M3	0	5	no	`on` clause dropped	static	parse: expected `on` or `using` after the joined table (found Ident("where"))
Q08	SQL	M3	1	6	no	`where` clause dropped	silent	row 0: expected ["1", "1", "5"], got ["1", "1", "1"]
Q08	SQL2	M1	0	6	no	usd → eur in `'usd'`	silent	row 0: expected ["1", "1", "5"], got ["1", "1", "1"]
Q08	SQL2	M3	0	5	no	`on` clause dropped	static	parse: expected `on` or `using` after the joined table (found Ident("where"))
Q08	SQL2	M3	1	6	no	`where` clause dropped	silent	row 2: expected ["11", "3", "3"], got ["11", "3", "4"]
Q08	NL	M1	0	4	no	usd → eur in `"usd"`	silent	row 0: expected ["1", "1", "5"], got ["1", "1", "1"]
Q08	NL	M3	0	3	no	`on` clause dropped	equivalent	
Q08	NL	M3	1	4	no	`where` clause dropped	silent	row 2: expected ["11", "3", "3"], got ["11", "3", "4"]
Q08	NL	M3	2	10	no	conjunct `r.desk = b.desk` of `where` dropped	silent	row 0: expected ["1", "1", "5"], got ["1", "1", "17"]
Q08	NL	M3	3	10	no	conjunct `(r.bal > b.bal or r.acct = b.acct)` of `where` dropped	silent	row 1: expected ["10", "2", "3"], got ["10", "2", "5"]
Q09	SQL	M3	0	2	no	`where` clause dropped	silent	11 rows expected, 16 returned
Q09	SQL	M3	1	5	no	`on` clause dropped	static	parse: expected `on` or `using` after the joined table (found Ident("where"))
Q09	SQL	M3	2	6	no	`where` clause dropped	silent	11 rows expected, 18 returned
Q09	SQL2	M3	0	2	no	`where` clause dropped	silent	11 rows expected, 16 returned
Q09	SQL2	M3	1	5	no	`on` clause dropped	static	parse: expected `on` or `using` after the joined table (found Ident("where"))
Q09	SQL2	M3	2	6	no	`where` clause dropped	silent	11 rows expected, 18 returned
Q10	SQL	M1	0	3	no	usd → eur in `amt_usd`	silent	row 1: expected ["1", "usd", "-3329731"], got ["1", "usd", "NULL"]
Q10	SQL	M1	1	3	no	eur → usd in `amt_eur`	silent	row 0: expected ["1", "eur", "291173"], got ["1", "eur", "NULL"]
Q10	SQL	M1	2	3	no	jpy → usd in `amt_jpy`	silent	row 5: expected ["11", "jpy", "-2649"], got ["11", "jpy", "NULL"]
Q10	SQL	M1	3	5	no	usd → eur in `amt_usd`	silent	row 9: expected ["12", "usd", "249405"], got ["12", "usd", "257383"]
Q10	SQL	M1	4	5	no	eur → usd in `amt_eur`	silent	row 44: expected ["9", "eur", "-147038"], got ["9", "eur", "-145002"]
Q10	SQL	M3	0	5	no	`where` clause dropped	silent	row 2: expected ["10", "eur", "197107"], got ["10", "eur", "194929"]
Q10	SQL2	M3	0	5	no	`where` clause dropped	silent	row 2: expected ["10", "eur", "197107"], got ["10", "eur", "194929"]
Q10	NL	M3	0	1	no	`where` clause dropped	silent	row 2: expected ["10", "eur", "197107"], got ["10", "eur", "194929"]
Q10	RS	M3	0	4	no	`.where` clause dropped	silent	row 2: expected ["10", "eur", "197107"], got ["10", "eur", "194929"]
T01	SQL	M1	0	1	no	usd → eur in `usd`	static	NL0255
T01	SQL	M1	1	6	no	usd → eur in `amt_usd`	static	NL0255 NL0310
T01	SQL	M1	2	7	no	usd → eur in `'usd'`	static	NL0255
T01	SQL	M1	3	7	no	usd → eur in `usd`	static	NL0255
T01	SQL	M1	4	8	no	usd → eur in `'usd'`	static	NL0255
T01	SQL	M1	5	10	no	usd → eur in `usd`	runtime	definition: [42883] function task(bigint, bigint, eur) does not exist
T01	SQL	M1	6	10	yes	usd → eur in `'effects: append; debits usd; credits usd; reads@ledger_consistent'`	static	NL0310
T01	SQL	M1	7	10	yes	usd → eur in `'effects: append; debits usd; credits usd; reads@ledger_consistent'`	static	NL0310
T01	SQL	M2	0	7	no	the sign of `row(-(m).minor)::usd` removed	runtime	execution: [P0001] a transaction does not conserve
T01	SQL	M2	1	8	no	`m` negated	runtime	execution: [P0001] a transaction does not conserve
T01	SQL2	M1	0	1	no	usd → eur in `usd`	static	NL0255
T01	SQL2	M1	1	7	no	usd → eur in `'usd'`	static	NL0255 NL0310
T01	SQL2	M1	2	8	no	usd → eur in `'usd'`	static	NL0255 NL0310
T01	SQL2	M1	3	10	no	usd → eur in `usd`	runtime	definition: [42883] function task(bigint, bigint, eur) does not exist
T01	SQL2	M1	4	10	yes	usd → eur in `'effects: append; debits usd; credits usd; reads@ledger_consistent'`	static	NL0310
T01	SQL2	M1	5	10	yes	usd → eur in `'effects: append; debits usd; credits usd; reads@ledger_consistent'`	static	NL0310
T01	SQL2	M2	0	7	no	the sign of `-(m).minor` removed	runtime	execution: [P0001] a transaction does not conserve
T01	SQL2	M2	1	8	no	`(m).minor` negated	runtime	execution: [P0001] a transaction does not conserve
T01	NL	M1	0	1	no	usd → eur in `usd`	static	NL0310
T01	NL	M1	1	2	yes	usd → eur in `usd`	static	NL0310
T01	NL	M1	2	2	yes	usd → eur in `usd`	static	NL0310
T01	NL	M2	0	5	no	debit → credit	static	NL0257
T01	NL	M2	1	6	no	credit → debit	runtime	the ledger refused the set: the set does not conserve: USD sums to -24690 rather than zero
T01	RS	M1	0	1	no	usd → eur in `usd`	static	NL0310
T01	RS	M1	1	2	yes	usd → eur in `usd`	static	NL0310
T01	RS	M1	2	2	yes	usd → eur in `usd`	static	NL0310
T01	RS	M2	0	5	no	debit → credit	static	NL0257
T01	RS	M2	1	6	no	credit → debit	runtime	the ledger refused the set: the set does not conserve: USD sums to -24690 rather than zero
T02	SQL	M1	0	1	no	usd → eur in `usd`	static	NL0250 NL0255
T02	SQL	M1	1	1	no	usd → eur in `usd`	static	NL0250 NL0255
T02	SQL	M1	2	6	no	usd → eur in `amt_usd`	static	NL0255 NL0310
T02	SQL	M1	3	7	no	usd → eur in `'usd'`	static	NL0255
T02	SQL	M1	4	7	no	usd → eur in `usd`	static	NL0255
T02	SQL	M1	5	8	no	usd → eur in `'usd'`	static	NL0255
T02	SQL	M1	6	8	no	usd → eur in `usd`	static	NL0255
T02	SQL	M1	7	9	no	usd → eur in `'usd'`	static	NL0255
T02	SQL	M1	8	11	no	usd → eur in `usd`	runtime	definition: [42883] function task(bigint, bigint, bigint, eur, usd) does not exist
T02	SQL	M1	9	11	no	usd → eur in `usd`	runtime	definition: [42883] function task(bigint, bigint, bigint, usd, eur) does not exist
T02	SQL	M1	10	11	yes	usd → eur in `'effects: append; debits usd; credits usd; reads@ledger_consistent'`	static	NL0310
T02	SQL	M1	11	11	yes	usd → eur in `'effects: append; debits usd; credits usd; reads@ledger_consistent'`	static	NL0310
T02	SQL	M2	0	7	no	the sign of `row(-(m).minor)::usd` removed	runtime	execution: [P0001] a transaction does not conserve
T02	SQL	M2	1	8	no	`row((m).minor - (fee).minor)::usd` negated	runtime	execution: [P0001] a transaction does not conserve
T02	SQL	M2	2	9	no	`fee` negated	runtime	execution: [P0001] a transaction does not conserve
T02	SQL2	M1	0	1	no	usd → eur in `usd`	static	NL0250 NL0255
T02	SQL2	M1	1	1	no	usd → eur in `usd`	static	NL0250 NL0255
T02	SQL2	M1	2	7	no	usd → eur in `'usd'`	static	NL0255 NL0310
T02	SQL2	M1	3	8	no	usd → eur in `'usd'`	static	NL0255 NL0310
T02	SQL2	M1	4	9	no	usd → eur in `'usd'`	static	NL0255 NL0310
T02	SQL2	M1	5	11	no	usd → eur in `usd`	runtime	definition: [42883] function task(bigint, bigint, bigint, eur, usd) does not exist
T02	SQL2	M1	6	11	no	usd → eur in `usd`	runtime	definition: [42883] function task(bigint, bigint, bigint, usd, eur) does not exist
T02	SQL2	M1	7	11	yes	usd → eur in `'effects: append; debits usd; credits usd; reads@ledger_consistent'`	static	NL0310
T02	SQL2	M1	8	11	yes	usd → eur in `'effects: append; debits usd; credits usd; reads@ledger_consistent'`	static	NL0310
T02	SQL2	M2	0	7	no	the sign of `-(m).minor` removed	runtime	execution: [P0001] a transaction does not conserve
T02	SQL2	M2	1	8	no	`(m).minor - (fee).minor` negated	runtime	execution: [P0001] a transaction does not conserve
T02	SQL2	M2	2	9	no	`(fee).minor` negated	runtime	execution: [P0001] a transaction does not conserve
T02	NL	M1	0	1	no	usd → eur in `usd`	static	NL0250 NL0310
T02	NL	M1	1	1	no	usd → eur in `usd`	static	NL0250 NL0310
T02	NL	M1	2	3	yes	usd → eur in `usd`	static	NL0310
T02	NL	M1	3	3	yes	usd → eur in `usd`	static	NL0310
T02	NL	M2	0	6	no	debit → credit	static	NL0257
T02	NL	M2	1	7	no	credit → debit	runtime	the ledger refused the set: the set does not conserve: USD sums to -24000 rather than zero
T02	NL	M2	2	8	no	credit → debit	runtime	the ledger refused the set: the set does not conserve: USD sums to -690 rather than zero
T02	RS	M1	0	1	no	usd → eur in `usd`	static	NL0250 NL0310
T02	RS	M1	1	1	no	usd → eur in `usd`	static	NL0250 NL0310
T02	RS	M1	2	3	yes	usd → eur in `usd`	static	NL0310
T02	RS	M1	3	3	yes	usd → eur in `usd`	static	NL0310
T02	RS	M2	0	6	no	debit → credit	static	NL0257
T02	RS	M2	1	7	no	credit → debit	runtime	the ledger refused the set: the set does not conserve: USD sums to -24000 rather than zero
T02	RS	M2	2	8	no	credit → debit	runtime	the ledger refused the set: the set does not conserve: USD sums to -690 rather than zero
T03	SQL	M1	0	1	no	usd → eur in `usd`	static	NL0255
T03	SQL	M1	1	1	no	eur → usd in `eur`	static	NL0255
T03	SQL	M1	2	6	no	usd → eur in `amt_usd`	static	NL0255
T03	SQL	M1	3	6	no	eur → usd in `amt_eur`	static	NL0255
T03	SQL	M1	4	7	no	usd → eur in `'usd'`	static	NL0255
T03	SQL	M1	5	7	no	usd → eur in `usd`	static	NL0255
T03	SQL	M1	6	8	no	usd → eur in `'usd'`	static	NL0255
T03	SQL	M1	7	9	no	eur → usd in `'eur'`	static	NL0255
T03	SQL	M1	8	9	no	eur → usd in `eur`	static	NL0255
T03	SQL	M1	9	10	no	eur → usd in `'eur'`	static	NL0255
T03	SQL	M1	10	12	no	usd → eur in `usd`	runtime	definition: [42883] function task(bigint, bigint, eur, eur) does not exist
T03	SQL	M1	11	12	no	eur → usd in `eur`	runtime	definition: [42883] function task(bigint, bigint, usd, usd) does not exist
T03	SQL	M1	12	12	yes	usd → eur in `'effects: append; debits usd; credits usd; debits eur; credits eur; reads@ledger_consistent'`	static	NL0310
T03	SQL	M1	13	12	yes	usd → eur in `'effects: append; debits usd; credits usd; debits eur; credits eur; reads@ledger_consistent'`	static	NL0310
T03	SQL	M1	14	12	yes	eur → usd in `'effects: append; debits usd; credits usd; debits eur; credits eur; reads@ledger_consistent'`	static	NL0310
T03	SQL	M1	15	12	yes	eur → usd in `'effects: append; debits usd; credits usd; debits eur; credits eur; reads@ledger_consistent'`	static	NL0310
T03	SQL	M2	0	7	no	the sign of `row(-(u).minor)::usd` removed	runtime	execution: [P0001] a transaction does not conserve
T03	SQL	M2	1	8	no	`u` negated	runtime	execution: [P0001] a transaction does not conserve
T03	SQL	M2	2	9	no	the sign of `row(-(x).minor)::eur` removed	runtime	execution: [P0001] a transaction does not conserve
T03	SQL	M2	3	10	no	`x` negated	runtime	execution: [P0001] a transaction does not conserve
T03	SQL2	M1	0	1	no	usd → eur in `usd`	static	NL0255
T03	SQL2	M1	1	1	no	eur → usd in `eur`	static	NL0255
T03	SQL2	M1	2	7	no	usd → eur in `'usd'`	static	NL0255
T03	SQL2	M1	3	8	no	usd → eur in `'usd'`	static	NL0255
T03	SQL2	M1	4	9	no	eur → usd in `'eur'`	static	NL0255
T03	SQL2	M1	5	10	no	eur → usd in `'eur'`	static	NL0255
T03	SQL2	M1	6	12	no	usd → eur in `usd`	runtime	definition: [42883] function task(bigint, bigint, eur, eur) does not exist
T03	SQL2	M1	7	12	no	eur → usd in `eur`	runtime	definition: [42883] function task(bigint, bigint, usd, usd) does not exist
T03	SQL2	M1	8	12	yes	usd → eur in `'effects: append; debits usd; credits usd; debits eur; credits eur; reads@ledger_consistent'`	static	NL0310
T03	SQL2	M1	9	12	yes	usd → eur in `'effects: append; debits usd; credits usd; debits eur; credits eur; reads@ledger_consistent'`	static	NL0310
T03	SQL2	M1	10	12	yes	eur → usd in `'effects: append; debits usd; credits usd; debits eur; credits eur; reads@ledger_consistent'`	static	NL0310
T03	SQL2	M1	11	12	yes	eur → usd in `'effects: append; debits usd; credits usd; debits eur; credits eur; reads@ledger_consistent'`	static	NL0310
T03	SQL2	M2	0	7	no	the sign of `-(u).minor` removed	runtime	execution: [P0001] a transaction does not conserve
T03	SQL2	M2	1	8	no	`(u).minor` negated	runtime	execution: [P0001] a transaction does not conserve
T03	SQL2	M2	2	9	no	the sign of `-(x).minor` removed	runtime	execution: [P0001] a transaction does not conserve
T03	SQL2	M2	3	10	no	`(x).minor` negated	runtime	execution: [P0001] a transaction does not conserve
T03	NL	M1	0	1	no	usd → eur in `usd`	runtime	argument 3 is Money<usd> and `task` declares Money<eur>: no typed caller can make this call
T03	NL	M1	1	1	no	eur → usd in `eur`	runtime	argument 4 is Money<eur> and `task` declares Money<usd>: no typed caller can make this call
T03	NL	M1	2	2	yes	usd → eur in `usd`	static	NL0310
T03	NL	M1	3	2	yes	usd → eur in `usd`	static	NL0310
T03	NL	M1	4	2	yes	eur → usd in `eur`	static	NL0310
T03	NL	M1	5	2	yes	eur → usd in `eur`	static	NL0310
T03	NL	M2	0	5	no	debit → credit	static	NL0257
T03	NL	M2	1	5	no	credit → debit	runtime	the ledger refused the set: the set does not conserve: USD sums to -20000 rather than zero
T03	NL	M2	2	5	no	debit → credit	static	NL0257
T03	NL	M2	3	5	no	credit → debit	runtime	the ledger refused the set: the set does not conserve: EUR sums to -18000 rather than zero
T03	RS	M1	0	1	no	usd → eur in `usd`	runtime	argument 3 is Money<usd> and `task` declares Money<eur>: no typed caller can make this call
T03	RS	M1	1	1	no	eur → usd in `eur`	runtime	argument 4 is Money<eur> and `task` declares Money<usd>: no typed caller can make this call
T03	RS	M1	2	2	yes	usd → eur in `usd`	static	NL0310
T03	RS	M1	3	2	yes	usd → eur in `usd`	static	NL0310
T03	RS	M1	4	2	yes	eur → usd in `eur`	static	NL0310
T03	RS	M1	5	2	yes	eur → usd in `eur`	static	NL0310
T03	RS	M2	0	5	no	debit → credit	static	NL0257
T03	RS	M2	1	5	no	credit → debit	runtime	the ledger refused the set: the set does not conserve: USD sums to -20000 rather than zero
T03	RS	M2	2	5	no	debit → credit	static	NL0257
T03	RS	M2	3	5	no	credit → debit	runtime	the ledger refused the set: the set does not conserve: EUR sums to -18000 rather than zero
T04	SQL	M1	0	1	no	usd → eur in `usd`	static	NL0255 NL0310
T04	SQL	M1	1	1	no	usd → eur in `usd`	static	NL0255
T04	SQL	M1	2	9	no	usd → eur in `usd`	runtime	definition: [42883] function task(bigint, bigint, eur, usd) does not exist
T04	SQL	M1	3	9	no	usd → eur in `usd`	runtime	definition: [42883] function task(bigint, bigint, usd, eur) does not exist
T04	SQL	M1	4	9	yes	usd → eur in `'effects: append; holds usd; debits usd; credits usd; reads@ledger_consistent'`	static	NL0310
T04	SQL	M1	5	9	yes	usd → eur in `'effects: append; holds usd; debits usd; credits usd; reads@ledger_consistent'`	static	NL0310
T04	SQL	M1	6	9	yes	usd → eur in `'effects: append; holds usd; debits usd; credits usd; reads@ledger_consistent'`	static	NL0310
T04	SQL	M5	0	7	no	`perform resolve_post(h, b, c, t);` removed	static	NL0320
T04	SQL2	M1	0	1	no	usd → eur in `usd`	static	NL0255 NL0310
T04	SQL2	M1	1	1	no	usd → eur in `usd`	static	NL0255
T04	SQL2	M1	2	9	no	usd → eur in `usd`	runtime	definition: [42883] function task(bigint, bigint, eur, usd) does not exist
T04	SQL2	M1	3	9	no	usd → eur in `usd`	runtime	definition: [42883] function task(bigint, bigint, usd, eur) does not exist
T04	SQL2	M1	4	9	yes	usd → eur in `'effects: append; holds usd; debits usd; credits usd; reads@ledger_consistent'`	static	NL0310
T04	SQL2	M1	5	9	yes	usd → eur in `'effects: append; holds usd; debits usd; credits usd; reads@ledger_consistent'`	static	NL0310
T04	SQL2	M1	6	9	yes	usd → eur in `'effects: append; holds usd; debits usd; credits usd; reads@ledger_consistent'`	static	NL0310
T04	SQL2	M5	0	7	no	`perform resolve_post(h, b, c, t);` removed	static	NL0320
T05	SQL	M1	0	1	no	usd → eur in `usd`	static	NL0255 NL0310
T05	SQL	M1	1	8	no	usd → eur in `usd`	runtime	definition: [42883] function task(bigint, eur) does not exist
T05	SQL	M1	2	8	yes	usd → eur in `'effects: holds usd'`	static	NL0310
T05	SQL	M5	0	6	no	`perform resolve_void(h);` removed	static	NL0320
T05	SQL2	M1	0	1	no	usd → eur in `usd`	static	NL0255 NL0310
T05	SQL2	M1	1	8	no	usd → eur in `usd`	runtime	definition: [42883] function task(bigint, eur) does not exist
T05	SQL2	M1	2	8	yes	usd → eur in `'effects: holds usd'`	static	NL0310
T05	SQL2	M5	0	6	no	`perform resolve_void(h);` removed	static	NL0320
T05	NL	M1	0	1	no	usd → eur in `usd`	static	NL0310
T05	NL	M1	1	1	yes	usd → eur in `usd`	static	NL0310
T05	NL	M5	0	3	no	`resolve h void` removed	static	NL0320
T05	RS	M1	0	1	no	usd → eur in `usd`	static	NL0310
T05	RS	M1	1	1	yes	usd → eur in `usd`	static	NL0310
T05	RS	M5	0	3	no	`resolve h void` removed	static	NL0320
T06	SQL	M1	0	1	no	usd → eur in `usd`	static	NL0250 NL0255
T06	SQL	M1	1	1	no	usd → eur in `usd`	static	NL0250 NL0255
T06	SQL	M1	2	1	no	usd → eur in `usd`	static	NL0250 NL0255
T06	SQL	M1	3	7	no	usd → eur in `amt_usd`	static	NL0255 NL0310
T06	SQL	M1	4	8	no	usd → eur in `'usd'`	static	NL0255
T06	SQL	M1	5	8	no	usd → eur in `usd`	static	NL0255
T06	SQL	M1	6	9	no	usd → eur in `'usd'`	static	NL0255
T06	SQL	M1	7	9	no	usd → eur in `usd`	static	NL0255
T06	SQL	M1	8	10	no	usd → eur in `'usd'`	static	NL0255
T06	SQL	M1	9	10	no	usd → eur in `usd`	static	NL0255
T06	SQL	M1	10	11	no	usd → eur in `'usd'`	static	NL0255
T06	SQL	M1	11	11	no	usd → eur in `usd`	static	NL0255
T06	SQL	M1	12	13	no	usd → eur in `usd`	runtime	definition: [42883] function task(bigint, bigint, eur, bigint, usd, bigint, usd) does not exist
T06	SQL	M1	13	13	no	usd → eur in `usd`	runtime	definition: [42883] function task(bigint, bigint, usd, bigint, eur, bigint, usd) does not exist
T06	SQL	M1	14	13	no	usd → eur in `usd`	runtime	definition: [42883] function task(bigint, bigint, usd, bigint, usd, bigint, eur) does not exist
T06	SQL	M1	15	13	yes	usd → eur in `'effects: append; debits usd; credits usd; reads@ledger_consistent'`	static	NL0310
T06	SQL	M1	16	13	yes	usd → eur in `'effects: append; debits usd; credits usd; reads@ledger_consistent'`	static	NL0310
T06	SQL	M2	0	8	no	`row((m1).minor + (m2).minor + (m3).minor)::usd` negated	runtime	execution: [P0001] a transaction does not conserve
T06	SQL	M2	1	9	no	the sign of `row(-(m1).minor)::usd` removed	runtime	execution: [P0001] a transaction does not conserve
T06	SQL	M2	2	10	no	the sign of `row(-(m2).minor)::usd` removed	runtime	execution: [P0001] a transaction does not conserve
T06	SQL	M2	3	11	no	the sign of `row(-(m3).minor)::usd` removed	runtime	execution: [P0001] a transaction does not conserve
T06	SQL2	M1	0	1	no	usd → eur in `usd`	static	NL0250 NL0255
T06	SQL2	M1	1	1	no	usd → eur in `usd`	static	NL0250 NL0255
T06	SQL2	M1	2	1	no	usd → eur in `usd`	static	NL0250 NL0255
T06	SQL2	M1	3	8	no	usd → eur in `'usd'`	static	NL0255 NL0310
T06	SQL2	M1	4	9	no	usd → eur in `'usd'`	static	NL0255 NL0310
T06	SQL2	M1	5	10	no	usd → eur in `'usd'`	static	NL0255 NL0310
T06	SQL2	M1	6	11	no	usd → eur in `'usd'`	static	NL0255 NL0310
T06	SQL2	M1	7	13	no	usd → eur in `usd`	runtime	definition: [42883] function task(bigint, bigint, eur, bigint, usd, bigint, usd) does not exist
T06	SQL2	M1	8	13	no	usd → eur in `usd`	runtime	definition: [42883] function task(bigint, bigint, usd, bigint, eur, bigint, usd) does not exist
T06	SQL2	M1	9	13	no	usd → eur in `usd`	runtime	definition: [42883] function task(bigint, bigint, usd, bigint, usd, bigint, eur) does not exist
T06	SQL2	M1	10	13	yes	usd → eur in `'effects: append; debits usd; credits usd; reads@ledger_consistent'`	static	NL0310
T06	SQL2	M1	11	13	yes	usd → eur in `'effects: append; debits usd; credits usd; reads@ledger_consistent'`	static	NL0310
T06	SQL2	M2	0	8	no	`(m1).minor + (m2).minor + (m3).minor` negated	runtime	execution: [P0001] a transaction does not conserve
T06	SQL2	M2	1	9	no	the sign of `-(m1).minor` removed	runtime	execution: [P0001] a transaction does not conserve
T06	SQL2	M2	2	10	no	the sign of `-(m2).minor` removed	runtime	execution: [P0001] a transaction does not conserve
T06	SQL2	M2	3	11	no	the sign of `-(m3).minor` removed	runtime	execution: [P0001] a transaction does not conserve
T06	NL	M1	0	3	no	usd → eur in `usd`	static	NL0250 NL0310
T06	NL	M1	1	4	no	usd → eur in `usd`	static	NL0250 NL0310
T06	NL	M1	2	5	no	usd → eur in `usd`	static	NL0250 NL0310
T06	NL	M1	3	7	yes	usd → eur in `usd`	static	NL0310
T06	NL	M1	4	7	yes	usd → eur in `usd`	static	NL0310
T06	NL	M2	0	10	no	credit → debit	runtime	the ledger refused the set: the set does not conserve: USD sums to -1800000 rather than zero
T06	NL	M2	1	11	no	debit → credit	static	NL0257
T06	NL	M2	2	12	no	debit → credit	static	NL0257
T06	NL	M2	3	13	no	debit → credit	static	NL0257
T06	RS	M1	0	3	no	usd → eur in `usd`	static	NL0250 NL0310
T06	RS	M1	1	4	no	usd → eur in `usd`	static	NL0250 NL0310
T06	RS	M1	2	5	no	usd → eur in `usd`	static	NL0250 NL0310
T06	RS	M1	3	7	yes	usd → eur in `usd`	static	NL0310
T06	RS	M1	4	7	yes	usd → eur in `usd`	static	NL0310
T06	RS	M2	0	10	no	credit → debit	runtime	the ledger refused the set: the set does not conserve: USD sums to -1800000 rather than zero
T06	RS	M2	1	11	no	debit → credit	static	NL0257
T06	RS	M2	2	12	no	debit → credit	static	NL0257
T06	RS	M2	3	13	no	debit → credit	static	NL0257
T07	SQL	M1	0	1	no	usd → eur in `usd`	static	NL0255
T07	SQL	M1	1	6	no	usd → eur in `amt_usd`	static	NL0255 NL0310
T07	SQL	M1	2	7	no	usd → eur in `'usd'`	static	NL0255
T07	SQL	M1	3	8	no	usd → eur in `'usd'`	static	NL0255
T07	SQL	M1	4	8	no	usd → eur in `usd`	static	NL0255
T07	SQL	M1	5	10	no	usd → eur in `usd`	runtime	definition: [42883] function task(bigint, bigint, eur) does not exist
T07	SQL	M1	6	10	yes	usd → eur in `'effects: append; debits usd; credits usd; reads@ledger_consistent'`	static	NL0310
T07	SQL	M1	7	10	yes	usd → eur in `'effects: append; debits usd; credits usd; reads@ledger_consistent'`	static	NL0310
T07	SQL	M2	0	7	no	`x` negated	runtime	execution: [P0001] a transaction does not conserve
T07	SQL	M2	1	8	no	the sign of `row(-(x).minor)::usd` removed	runtime	execution: [P0001] a transaction does not conserve
T07	SQL2	M1	0	1	no	usd → eur in `usd`	static	NL0255
T07	SQL2	M1	1	7	no	usd → eur in `'usd'`	static	NL0255 NL0310
T07	SQL2	M1	2	8	no	usd → eur in `'usd'`	static	NL0255 NL0310
T07	SQL2	M1	3	10	no	usd → eur in `usd`	runtime	definition: [42883] function task(bigint, bigint, eur) does not exist
T07	SQL2	M1	4	10	yes	usd → eur in `'effects: append; debits usd; credits usd; reads@ledger_consistent'`	static	NL0310
T07	SQL2	M1	5	10	yes	usd → eur in `'effects: append; debits usd; credits usd; reads@ledger_consistent'`	static	NL0310
T07	SQL2	M2	0	7	no	`(x).minor` negated	runtime	execution: [P0001] a transaction does not conserve
T07	SQL2	M2	1	8	no	the sign of `-(x).minor` removed	runtime	execution: [P0001] a transaction does not conserve
T07	NL	M1	0	1	no	usd → eur in `usd`	static	NL0310
T07	NL	M1	1	2	yes	usd → eur in `usd`	static	NL0310
T07	NL	M1	2	2	yes	usd → eur in `usd`	static	NL0310
T07	NL	M2	0	5	no	credit → debit	runtime	the ledger refused the set: the set does not conserve: USD sums to -2468 rather than zero
T07	NL	M2	1	6	no	debit → credit	static	NL0257
T07	RS	M1	0	1	no	usd → eur in `usd`	static	NL0310
T07	RS	M1	1	2	yes	usd → eur in `usd`	static	NL0310
T07	RS	M1	2	2	yes	usd → eur in `usd`	static	NL0310
T07	RS	M2	0	5	no	credit → debit	runtime	the ledger refused the set: the set does not conserve: USD sums to -2468 rather than zero
T07	RS	M2	1	6	no	debit → credit	static	NL0257
T08	SQL	M1	0	1	no	usd → eur in `usd`	static	NL0255
T08	SQL	M1	1	6	no	usd → eur in `amt_usd`	silent	row 0: expected ["10", "usd", "278921"], got ["10", "usd", "0"]
T08	SQL	M1	2	6	no	usd → eur in `'usd'`	silent	row 0: expected ["10", "usd", "278921"], got ["10", "usd", "0"]
T08	SQL	M1	3	9	no	usd → eur in `amt_usd`	static	NL0255 NL0310
T08	SQL	M1	4	10	no	usd → eur in `'usd'`	static	NL0255
T08	SQL	M1	5	10	no	usd → eur in `usd`	static	NL0255
T08	SQL	M1	6	11	no	usd → eur in `'usd'`	static	NL0255
T08	SQL	M1	7	11	no	usd → eur in `usd`	static	NL0255
T08	SQL	M1	8	12	no	usd → eur in `'usd'`	static	NL0255
T08	SQL	M1	9	12	no	usd → eur in `usd`	static	NL0255
T08	SQL	M1	10	14	no	usd → eur in `usd`	runtime	definition: [42883] function task(bigint, bigint, bigint, eur) does not exist
T08	SQL	M1	11	14	yes	usd → eur in `'effects: append; debits usd; credits usd; reads@ledger_consistent'`	static	NL0310
T08	SQL	M1	12	14	yes	usd → eur in `'effects: append; debits usd; credits usd; reads@ledger_consistent'`	static	NL0310
T08	SQL	M2	0	10	no	the sign of `row(-(payment).minor)::usd` removed	runtime	execution: [P0001] a transaction does not conserve
T08	SQL	M2	1	11	no	`row(applied)::usd` negated	runtime	execution: [P0001] a transaction does not conserve
T08	SQL	M2	2	12	no	`row((payment).minor - applied)::usd` negated	runtime	execution: [P0001] a transaction does not conserve
T08	SQL	M3	0	6	no	conjunct `acct = loan` of `where` dropped	silent	row 0: expected ["10", "usd", "278921"], got ["10", "usd", "0"]
T08	SQL	M3	1	6	no	conjunct `cur = 'usd'` of `where` dropped	silent	row 0: expected ["10", "usd", "278921"], got ["10", "usd", "0"]
T08	SQL2	M1	0	1	no	usd → eur in `usd`	static	NL0255
T08	SQL2	M1	1	6	no	usd → eur in `'usd'`	silent	row 0: expected ["10", "usd", "278921"], got ["10", "usd", "197107"]
T08	SQL2	M1	2	10	no	usd → eur in `'usd'`	static	NL0255 NL0310
T08	SQL2	M1	3	11	no	usd → eur in `'usd'`	static	NL0310
T08	SQL2	M1	4	12	no	usd → eur in `'usd'`	static	NL0255 NL0310
T08	SQL2	M1	5	14	no	usd → eur in `usd`	runtime	definition: [42883] function task(bigint, bigint, bigint, eur) does not exist
T08	SQL2	M1	6	14	yes	usd → eur in `'effects: append; debits usd; credits usd; reads@ledger_consistent'`	static	NL0310
T08	SQL2	M1	7	14	yes	usd → eur in `'effects: append; debits usd; credits usd; reads@ledger_consistent'`	static	NL0310
T08	SQL2	M3	0	6	no	conjunct `acct = loan` of `where` dropped	silent	row 0: expected ["10", "usd", "278921"], got ["10", "usd", "0"]
T08	SQL2	M3	1	6	no	conjunct `cur = 'usd'` of `where` dropped	silent	row 0: expected ["10", "usd", "278921"], got ["10", "usd", "283921"]
T08	SQL2	M2	0	10	no	the sign of `-(payment).minor` removed	runtime	execution: [P0001] a transaction does not conserve
T08	SQL2	M2	1	11	no	`applied` negated	runtime	execution: [P0001] a transaction does not conserve
T08	SQL2	M2	2	12	no	`(payment).minor - applied` negated	runtime	execution: [P0001] a transaction does not conserve
T08	NL	M1	0	2	no	usd → eur in `"usd"`	unexecuted	its program has no executor
T08	NL	M1	1	7	no	usd → eur in `usd`	static	NL0250 NL0251 NL0310
T08	NL	M1	2	9	yes	usd → eur in `usd`	static	NL0310
T08	NL	M1	3	9	yes	usd → eur in `usd`	static	NL0310
T08	NL	M1	4	11	no	usd → eur in `usd`	static	NL0250 NL0251 NL0310
T08	NL	M2	0	14	no	debit → credit	static	NL0257
T08	NL	M2	1	14	no	credit → debit	unexecuted	its program has no executor
T08	NL	M2	2	14	no	credit → debit	unexecuted	its program has no executor
T08	NL	M2	3	16	no	debit → credit	static	NL0257
T08	NL	M2	4	16	no	credit → debit	unexecuted	its program has no executor
T08	NL	M3	0	2	no	`.where` clause dropped	unexecuted	its program has no executor
T08	NL	M6	0	5	no	snapshot → read_your_writes	static	NL0310
T08	NL	M6	1	9	yes	snapshot → read_your_writes	static	NL0310
T08	RS	M1	0	2	no	usd → eur in `"usd"`	unexecuted	its program has no executor
T08	RS	M1	1	7	no	usd → eur in `usd`	static	NL0250 NL0251 NL0310
T08	RS	M1	2	9	yes	usd → eur in `usd`	static	NL0310
T08	RS	M1	3	9	yes	usd → eur in `usd`	static	NL0310
T08	RS	M1	4	11	no	usd → eur in `usd`	static	NL0250 NL0251 NL0310
T08	RS	M2	0	14	no	debit → credit	static	NL0257
T08	RS	M2	1	14	no	credit → debit	unexecuted	its program has no executor
T08	RS	M2	2	14	no	credit → debit	unexecuted	its program has no executor
T08	RS	M2	3	16	no	debit → credit	static	NL0257
T08	RS	M2	4	16	no	credit → debit	unexecuted	its program has no executor
T08	RS	M3	0	2	no	`.where` clause dropped	unexecuted	its program has no executor
T08	RS	M6	0	5	no	snapshot → read_your_writes	static	NL0310
T08	RS	M6	1	9	yes	snapshot → read_your_writes	static	NL0310
T09	SQL	M1	0	1	no	usd → eur in `usd`	static	NL0255 NL0310
T09	SQL	M1	1	5	no	usd → eur in `usd`	runtime	definition: [42883] function task(bigint, eur, auth_overdraft) does not exist
T09	SQL	M1	2	5	yes	usd → eur in `'effects: authorizes usd'`	static	NL0310
T09	SQL2	M1	0	1	no	usd → eur in `usd`	static	NL0255 NL0310
T09	SQL2	M1	1	5	no	usd → eur in `usd`	runtime	definition: [42883] function task(bigint, eur, auth_overdraft) does not exist
T09	SQL2	M1	2	5	yes	usd → eur in `'effects: authorizes usd'`	static	NL0310
T09	NL	M1	0	1	no	usd → eur in `usd`	static	NL0310 NL0312
T09	NL	M1	1	1	no	usd → eur in `usd`	static	NL0312
T09	NL	M1	2	2	yes	usd → eur in `usd`	static	NL0310
T09	RS	M1	0	1	no	usd → eur in `usd`	static	NL0310 NL0312
T09	RS	M1	1	1	no	usd → eur in `usd`	static	NL0312
T09	RS	M1	2	2	yes	usd → eur in `usd`	static	NL0310
T10	SQL	M1	0	6	no	usd → eur in `amt_usd`	static	NL0255
T10	SQL	M1	1	6	no	eur → usd in `amt_eur`	static	NL0255
T10	SQL	M1	2	6	no	jpy → usd in `amt_jpy`	static	NL0255
T10	SQL	M1	3	8	no	usd → eur in `amt_usd`	silent	row 0: expected ["10", "usd", "-68627"], got ["10", "usd", "NULL"]
T10	SQL	M1	4	8	no	usd → eur in `amt_usd`	static	NL0255
T10	SQL	M1	5	8	no	usd → eur in `usd`	static	NL0255
T10	SQL	M1	6	9	no	eur → usd in `amt_eur`	equivalent	
T10	SQL	M1	7	9	no	eur → usd in `amt_eur`	static	NL0255
T10	SQL	M1	8	9	no	eur → usd in `eur`	static	NL0255
T10	SQL	M1	9	10	no	jpy → usd in `amt_jpy`	equivalent	
T10	SQL	M1	10	10	no	jpy → usd in `amt_jpy`	static	NL0255
T10	SQL	M1	11	10	no	jpy → usd in `jpy`	static	NL0255
T10	SQL	M2	0	8	no	the sign of `row(-(amt_usd).minor)::usd` removed	silent	row 0: expected ["10", "usd", "-68627"], got ["10", "usd", "68627"]
T10	SQL	M2	1	9	no	the sign of `row(-(amt_eur).minor)::eur` removed	equivalent	
T10	SQL	M2	2	10	no	the sign of `row(-(amt_jpy).minor)::jpy` removed	equivalent	
T10	SQL	M3	0	13	no	`where` clause dropped	silent	2 rows expected, 200 returned
T10	SQL2	M3	0	9	no	`where` clause dropped	silent	2 rows expected, 200 returned
T10	SQL2	M2	0	7	no	the sign of `-amt` removed	silent	row 0: expected ["10", "usd", "-68627"], got ["10", "usd", "68627"]
T10	NL	M2	0	4	no	credit → debit	unexecuted	its program has no executor
T10	NL	M2	1	4	no	debit → credit	static	NL0257
T10	NL	M3	0	2	no	`.where` clause dropped	unexecuted	its program has no executor
T10	NL	M6	0	1	yes	ledger_consistent → serializable	static	NL0310
T10	RS	M2	0	4	no	credit → debit	unexecuted	its program has no executor
T10	RS	M2	1	4	no	debit → credit	static	NL0257
T10	RS	M3	0	2	no	`.where` clause dropped	unexecuted	its program has no executor
T10	RS	M6	0	1	yes	ledger_consistent → serializable	static	NL0310
V01	SQL	M1	0	2	no	usd → eur in `amt_usd`	silent	row 1: expected ["1", "usd", "-3329731"], got ["1", "usd", "NULL"]
V01	SQL	M1	1	2	no	eur → usd in `amt_eur`	silent	row 0: expected ["1", "eur", "291173"], got ["1", "eur", "NULL"]
V01	SQL	M1	2	2	no	jpy → usd in `amt_jpy`	silent	row 5: expected ["11", "jpy", "-2649"], got ["11", "jpy", "NULL"]
V01	SQL	M6	0	5	no	read_your_writes → monotonic	equivalent	
V01	SQL2	M6	0	5	no	read_your_writes → monotonic	equivalent	
V01	NL	M6	0	4	no	read_your_writes → monotonic	equivalent	
V01	RS	M6	0	4	no	read_your_writes → monotonic	equivalent	
V02	SQL	M1	0	4	no	usd → eur in `amt_usd`	silent	row 1: expected ["1", "usd", "-3329731"], got ["1", "usd", "NULL"]
V02	SQL	M1	1	4	no	eur → usd in `amt_eur`	silent	row 0: expected ["1", "eur", "291173"], got ["1", "eur", "NULL"]
V02	SQL	M1	2	4	no	jpy → usd in `amt_jpy`	silent	row 5: expected ["11", "jpy", "-2649"], got ["11", "jpy", "NULL"]
V02	SQL	M1	3	6	no	usd → eur in `amt_usd`	silent	row 9: expected ["12", "usd", "249405"], got ["12", "usd", "257383"]
V02	SQL	M1	4	6	no	eur → usd in `amt_eur`	silent	row 44: expected ["9", "eur", "-147038"], got ["9", "eur", "-145002"]
V02	SQL	M3	0	6	no	`where` clause dropped	silent	row 2: expected ["10", "eur", "197107"], got ["10", "eur", "194929"]
V02	SQL	M6	0	9	no	ledger_consistent → serializable	equivalent	
V02	SQL2	M3	0	6	no	`where` clause dropped	silent	row 2: expected ["10", "eur", "197107"], got ["10", "eur", "194929"]
V02	SQL2	M6	0	9	no	ledger_consistent → serializable	equivalent	
V02	NL	M3	0	4	no	`.where` clause dropped	silent	row 2: expected ["10", "eur", "197107"], got ["10", "eur", "194929"]
V02	NL	M6	0	7	no	ledger_consistent → serializable	equivalent	
V02	RS	M3	0	4	no	`.where` clause dropped	silent	row 2: expected ["10", "eur", "197107"], got ["10", "eur", "194929"]
V02	RS	M6	0	7	no	ledger_consistent → serializable	equivalent	
V03	SQL	M1	0	4	no	usd → eur in `amt_usd`	silent	row 1: expected ["1", "usd", "-2360884"], got ["1", "usd", "NULL"]
V03	SQL	M1	1	4	no	eur → usd in `amt_eur`	silent	row 0: expected ["1", "eur", "52581"], got ["1", "eur", "NULL"]
V03	SQL	M1	2	4	no	jpy → usd in `amt_jpy`	silent	row 5: expected ["12", "jpy", "9966"], got ["12", "jpy", "NULL"]
V03	SQL	M3	0	6	no	`where` clause dropped	silent	24 rows expected, 47 returned
V03	SQL2	M3	0	6	no	`where` clause dropped	silent	24 rows expected, 47 returned
V03	NL	M3	0	6	no	`.where` clause dropped	silent	24 rows expected, 47 returned
V03	RS	M3	0	6	no	`.where` clause dropped	silent	24 rows expected, 47 returned
V04	SQL	M6	0	5	no	snapshot → read_your_writes	equivalent	
V04	SQL2	M6	0	5	no	snapshot → read_your_writes	equivalent	
V04	NL	M6	0	4	no	snapshot → read_your_writes	equivalent	
V04	RS	M6	0	4	no	snapshot → read_your_writes	equivalent	
V05	SQL	M1	0	2	no	usd → eur in `amt_usd`	silent	row 2: expected ["usd", "0"], got ["usd", "NULL"]
V05	SQL	M1	1	2	no	eur → usd in `amt_eur`	silent	row 0: expected ["eur", "0"], got ["eur", "NULL"]
V05	SQL	M1	2	2	no	jpy → usd in `amt_jpy`	silent	row 1: expected ["jpy", "0"], got ["jpy", "NULL"]
V05	SQL	M6	0	5	no	snapshot → read_your_writes	equivalent	
V05	SQL2	M6	0	5	no	snapshot → read_your_writes	equivalent	
V05	NL	M6	0	4	no	snapshot → read_your_writes	equivalent	
V05	RS	M6	0	4	no	snapshot → read_your_writes	equivalent	
B01	SQL	M1	0	1	no	usd → eur in `amt_usd`	silent	row 1: expected ["1", "usd", "-734794"], got ["1", "usd", "NULL"]
B01	SQL	M1	1	1	no	eur → usd in `amt_eur`	silent	row 0: expected ["1", "eur", "77501"], got ["1", "eur", "NULL"]
B01	SQL	M1	2	1	no	jpy → usd in `amt_jpy`	silent	row 6: expected ["12", "jpy", "13244"], got ["12", "jpy", "NULL"]
B01	SQL	M3	0	3	no	`where` clause dropped	silent	39 rows expected, 47 returned
B01	SQL	M4	0	3	no	epoch 5 → 6	silent	39 rows expected, 41 returned
B01	SQL2	M3	0	3	no	`where` clause dropped	silent	39 rows expected, 47 returned
B01	SQL2	M4	0	3	no	epoch 5 → 6	silent	39 rows expected, 41 returned
B01	NL	M4	0	2	no	epoch 5 → 6	silent	39 rows expected, 41 returned
B01	RS	M4	0	2	no	epoch 5 → 6	silent	39 rows expected, 41 returned
B02	SQL	M1	0	1	no	usd → eur in `amt_usd`	silent	row 1: expected ["1", "usd", "-776467"], got ["1", "usd", "NULL"]
B02	SQL	M1	1	1	no	eur → usd in `amt_eur`	silent	row 0: expected ["1", "eur", "77501"], got ["1", "eur", "NULL"]
B02	SQL	M1	2	1	no	jpy → usd in `amt_jpy`	silent	row 6: expected ["12", "jpy", "13244"], got ["12", "jpy", "NULL"]
B02	SQL	M3	0	3	no	`where` clause dropped	silent	39 rows expected, 47 returned
B02	SQL2	M3	0	3	no	`where` clause dropped	silent	39 rows expected, 47 returned
B03	SQL	M1	0	1	no	usd → eur in `usd`	static	NL0255
B03	SQL	M1	1	5	no	usd → eur in `amt_usd`	static	NL0255
B03	SQL	M1	2	6	no	usd → eur in `'usd'`	static	NL0255
B03	SQL	M1	3	6	no	usd → eur in `usd`	static	NL0255
B03	SQL	M1	4	7	no	usd → eur in `'usd'`	static	NL0255
B03	SQL	M1	5	10	no	usd → eur in `amt_usd`	silent	row 40: expected ["valid", "1", "usd", "-777467"], got ["valid", "1", "usd", "NULL"]
B03	SQL	M1	6	10	no	eur → usd in `amt_eur`	silent	row 39: expected ["valid", "1", "eur", "77501"], got ["valid", "1", "eur", "NULL"]
B03	SQL	M1	7	10	no	jpy → usd in `amt_jpy`	silent	row 45: expected ["valid", "12", "jpy", "13244"], got ["valid", "12", "jpy", "NULL"]
B03	SQL	M1	8	13	no	usd → eur in `amt_usd`	silent	row 1: expected ["system", "1", "usd", "-734794"], got ["system", "1", "usd", "NULL"]
B03	SQL	M1	9	13	no	eur → usd in `amt_eur`	silent	row 0: expected ["system", "1", "eur", "77501"], got ["system", "1", "eur", "NULL"]
B03	SQL	M1	10	13	no	jpy → usd in `amt_jpy`	silent	row 6: expected ["system", "12", "jpy", "13244"], got ["system", "12", "jpy", "NULL"]
B03	SQL	M2	0	6	no	the sign of `row(-(m).minor)::usd` removed	runtime	execution: [P0001] a transaction does not conserve
B03	SQL	M2	1	7	no	`m` negated	runtime	execution: [P0001] a transaction does not conserve
B03	SQL	M3	0	11	no	`where` clause dropped	silent	78 rows expected, 86 returned
B03	SQL	M3	1	14	no	`where` clause dropped	silent	78 rows expected, 86 returned
B03	SQL	M4	0	14	no	epoch 5 → 6	silent	78 rows expected, 80 returned
B03	SQL2	M1	0	1	no	usd → eur in `usd`	static	NL0255
B03	SQL2	M1	1	6	no	usd → eur in `'usd'`	static	NL0255
B03	SQL2	M1	2	7	no	usd → eur in `'usd'`	static	NL0255
B03	SQL2	M3	0	11	no	`where` clause dropped	silent	78 rows expected, 86 returned
B03	SQL2	M3	1	14	no	`where` clause dropped	silent	78 rows expected, 86 returned
B03	SQL2	M4	0	14	no	epoch 5 → 6	silent	78 rows expected, 80 returned
B03	SQL2	M2	0	6	no	the sign of `-(m).minor` removed	runtime	execution: [P0001] a transaction does not conserve
B03	SQL2	M2	1	7	no	`(m).minor` negated	runtime	execution: [P0001] a transaction does not conserve
B04	SQL	M1	0	1	no	usd → eur in `amt_usd`	silent	row 1: expected ["1", "usd", "-734794"], got ["1", "usd", "NULL"]
B04	SQL	M1	1	1	no	eur → usd in `amt_eur`	silent	row 0: expected ["1", "eur", "77501"], got ["1", "eur", "NULL"]
B04	SQL	M1	2	1	no	jpy → usd in `amt_jpy`	silent	row 6: expected ["12", "jpy", "13244"], got ["12", "jpy", "NULL"]
B04	SQL	M3	0	3	no	conjunct `value_date <= date '2026-01-21'` of `where` dropped	equivalent	
B04	SQL	M3	1	3	no	conjunct `epoch <= 5` of `where` dropped	silent	row 1: expected ["1", "usd", "-734794"], got ["1", "usd", "-776467"]
B04	SQL	M4	0	3	no	epoch 5 → 6	equivalent	
B04	SQL2	M3	0	3	no	conjunct `value_date <= date '2026-01-21'` of `where` dropped	equivalent	
B04	SQL2	M3	1	3	no	conjunct `epoch <= 5` of `where` dropped	silent	row 1: expected ["1", "usd", "-734794"], got ["1", "usd", "-776467"]
B04	SQL2	M4	0	3	no	epoch 5 → 6	equivalent	
B04	NL	M4	0	2	no	epoch 5 → 6	equivalent	
B04	RS	M4	0	2	no	epoch 5 → 6	equivalent	
B05	SQL	M1	0	1	no	usd → eur in `amt_usd`	equivalent	
B05	SQL	M1	1	1	no	eur → usd in `amt_eur`	equivalent	
B05	SQL	M1	2	1	no	jpy → usd in `amt_jpy`	silent	row 0: expected ["22", "2026-01-12", "jpy", "-741"], got ["22", "2026-01-12", "jpy", "NULL"]
B05	SQL	M3	0	3	no	conjunct `acct = 3` of `where` dropped	silent	1 rows expected, 54 returned
B05	SQL	M3	1	4	no	conjunct `value_date between date '2026-01-11' and date '2026-01-31'` of `where` dropped	silent	1 rows expected, 4 returned
B05	SQL	M3	2	5	no	conjunct `epoch <= 5` of `where` dropped	silent	1 rows expected, 4 returned
B05	SQL	M4	0	5	no	epoch 5 → 6	silent	1 rows expected, 3 returned
B05	SQL2	M3	0	3	no	conjunct `acct = 3` of `where` dropped	silent	1 rows expected, 54 returned
B05	SQL2	M3	1	4	no	conjunct `value_date between date '2026-01-11' and date '2026-01-31'` of `where` dropped	silent	1 rows expected, 4 returned
B05	SQL2	M3	2	5	no	conjunct `epoch <= 5` of `where` dropped	silent	1 rows expected, 4 returned
B05	SQL2	M4	0	5	no	epoch 5 → 6	silent	1 rows expected, 3 returned
B05	NL	M3	0	3	no	conjunct `p.acct == 3` of `.where` dropped	silent	1 rows expected, 54 returned
B05	NL	M3	1	3	no	conjunct `p.value_date >= v@2026-01-11` of `.where` dropped	silent	1 rows expected, 4 returned
B05	NL	M3	2	3	no	conjunct `p.value_date <= v@2026-01-31` of `.where` dropped	equivalent	
B05	NL	M4	0	2	no	epoch 5 → 6	silent	1 rows expected, 3 returned
B05	RS	M3	0	3	no	conjunct `p.acct == 3` of `.where` dropped	silent	1 rows expected, 54 returned
B05	RS	M3	1	3	no	conjunct `p.value_date >= v@2026-01-11` of `.where` dropped	silent	1 rows expected, 4 returned
B05	RS	M3	2	3	no	conjunct `p.value_date <= v@2026-01-31` of `.where` dropped	equivalent	
B05	RS	M4	0	2	no	epoch 5 → 6	silent	1 rows expected, 3 returned
