meta	commit	e1a35e5d93edf9112546039c6a6772bd6989e68f
meta	worktree	clean
meta	host	Linux 6.18.44-fc-v37 x86_64
meta	cpus	2
meta	mem_mib	8032
meta	toolchain	
meta	postgres	postgres (PostgreSQL) 16.13 (Ubuntu 16.13-0ubuntu0.24.04.1)
meta	date	2026-09-28T19:00:44Z
h1cal	single	1000	89895464	95176760	1000	90159528
h1cal	single	10000	115560408	132711288	9999	116417952
h1cal	single	100000	342043832	512629376	99996	350573109
h1cal	multi	1000	89095584	94164688	1318	89349039
h1cal	multi	10000	116624392	136057760	13112	117596060
h1cal	multi	100000	370571768	613885968	130924	382737478
