meta	series	multi
meta	commit	2951874e997849f8f63355f9d03f28c2bd56037e
meta	worktree	clean
meta	host	Linux 6.18.44-fc-v37 x86_64
meta	cpus	2
meta	mem_mib	8032
meta	toolchain	
meta	postgres	postgres (PostgreSQL) 16.13 (Ubuntu 16.13-0ubuntu0.24.04.1)
meta	date	2026-09-28T23:44:15Z
meta	checkpoint_interval	16
meta	accounts	1000
meta	seed	2024
meta	keys	1313
meta	budget	66
meta	history_txns	10000
meta	batches	50
meta	universe_legs	20000
meta	universe_sha256	90d04c6a2c77f2f00421106187b78886359772b336b5254ed936e5eb52171c4e
meta	end_legs	20520
meta	end_sha256	debb54993649b8417930fea0f799d7b41e9917d5c4e74bda70c10474ea43d2ac
load	H1	3.698	20000	90d04c6a2c77f2f00421106187b78886359772b336b5254ed936e5eb52171c4e	20520	debb54993649b8417930fea0f799d7b41e9917d5c4e74bda70c10474ea43d2ac	PostgreSQL loaded as on P (one multi-row insert per batch, epochs sealed in order); publication `readyset` for schema arm; ReadySet snapshotted arm.*, and its cached q6 was checked equal to the loaded balances before the first read; routing after the load (EXPLAIN LAST STATEMENT): q1 → readyset(q_7dcbc3c8ddf2a91), q2 → upstream, q3 → upstream, q4 → readyset(q_57848519e145ac68), q5 → readyset(q_f6b9fd51e84cd5f6), q6 → readyset(q_e0f685c61869b284)
load	H2	1.111	20000	90d04c6a2c77f2f00421106187b78886359772b336b5254ed936e5eb52171c4e	20520	debb54993649b8417930fea0f799d7b41e9917d5c4e74bda70c10474ea43d2ac	one multi-row insert per batch with explicit epoch ids 1..50; epochs sealed in order by arm.seal (sha256 chain); IMMV created and populated by pgivm.create_immv after the load; vacuum analyze
load	H3	1.222	20000	90d04c6a2c77f2f00421106187b78886359772b336b5254ed936e5eb52171c4e	20520	debb54993649b8417930fea0f799d7b41e9917d5c4e74bda70c10474ea43d2ac	PostgreSQL loaded as on P (one multi-row insert per batch, epochs sealed in order); publication `h3` on arm.postings; rev-sidecar started after the load with a temporary logical slot, the view certified through the loaded head #50 with nothing resident, budget 66
load	M	1.111	20000	90d04c6a2c77f2f00421106187b78886359772b336b5254ed936e5eb52171c4e	20520	debb54993649b8417930fea0f799d7b41e9917d5c4e74bda70c10474ea43d2ac	one multi-row insert per batch with explicit epoch ids 1..50; epochs sealed in order by arm.seal (sha256 chain); materialised view refreshed; vacuum analyze
load	N	0.140	20000	90d04c6a2c77f2f00421106187b78886359772b336b5254ed936e5eb52171c4e	20520	debb54993649b8417930fea0f799d7b41e9917d5c4e74bda70c10474ea43d2ac	one insert statement per batch, one epoch each; N epoch = oracle index -1; frontier #49 after the load, asserted by an `as of system time` probe
load	P	1.245	20000	90d04c6a2c77f2f00421106187b78886359772b336b5254ed936e5eb52171c4e	20520	debb54993649b8417930fea0f799d7b41e9917d5c4e74bda70c10474ea43d2ac	one multi-row insert per batch with explicit epoch ids 1..50; epochs sealed in order by arm.seal (sha256 chain); materialised view refreshed; vacuum analyze
load	P+	1.163	20000	90d04c6a2c77f2f00421106187b78886359772b336b5254ed936e5eb52171c4e	20520	debb54993649b8417930fea0f799d7b41e9917d5c4e74bda70c10474ea43d2ac	one multi-row insert per batch with explicit epoch ids 1..50; epochs sealed in order by arm.seal (sha256 chain); arm.after_load: checkpoints every 16 legs per key, key counts, budget; vacuum analyze
load	T	9.335	20000	90d04c6a2c77f2f00421106187b78886359772b336b5254ed936e5eb52171c4e	20520	debb54993649b8417930fea0f799d7b41e9917d5c4e74bda70c10474ea43d2ac	one create_transfers per batch through the driver (one epoch each; accounts created on first use with flag `history`); CDC started after the load at --timestamp-last=1790638963561399398; the REV certified through #50 with nothing resident
pss_loaded	H1	265234432
pss_loaded	H2	47978496
pss_loaded	H3	55786496
pss_loaded	M	47865856
pss_loaded	N	5695488
pss_loaded	P	47755264
pss_loaded	P+	47753216
pss_loaded	T	2652452864
state	H1	readyset process PSS	228896768
state	H1	postgres cluster PSS	76522496
state	H1	readyset --memory-limit	89349423
state	H1	readyset_allocator_allocated_bytes	138107632
state	H1	readyset_eviction_freed_memory	525929
state	H1	readyset_eviction_freed_memory_count	1371
state	H1	readyset_eviction_freed_memory_sum	6730832
state	H1	readyset_eviction_requests	1371
state	H1	readyset_eviction_time_us	1626
state	H1	readyset_eviction_time_us_count	1371
state	H1	readyset_eviction_time_us_sum	42013
state	H1	readyset_eviction_worker_barrier_credits_returned	1387
state	H1	readyset_eviction_worker_eviction_checks	1084
state	H1	readyset_eviction_worker_eviction_runs	1037
state	H1	readyset_eviction_worker_eviction_ticks	1084
state	H1	readyset_eviction_worker_eviction_time_us	20042
state	H1	readyset_eviction_worker_eviction_time_us_count	1037
state	H1	readyset_eviction_worker_eviction_time_us_sum	334288
state	H1	readyset_eviction_worker_evictions_requested	1371
state	H1	readyset_eviction_worker_heap_allocated_bytes	138957136
state	H1	bytes arm.postings	4104192
state	H2	bytes arm.balances	303104
state	H2	bytes arm.postings	4104192
state	H3	sidecar process PSS	11097088
state	H3	postgres cluster PSS	66875392
state	H3	resident	66
state	H3	reads	6655
state	H3	hits	451
state	H3	misses	6204
state	H3	rows_touched	261560
state	H3	evictions	5674
state	H3	view_metadata_keys	66
state	H3	view_slots	1234
state	M	bytes arm.balances	278528
state	M	bytes arm.postings	4104192
state	N	resident	0
state	N	reads	6820
state	N	hits	0
state	N	misses	6820
state	N	rows_touched	38293592
state	N	view_answers	0
state	N	fallbacks	0
state	N	view_metadata_keys	0
state	P	bytes arm.balances	278528
state	P	bytes arm.postings	4104192
state	P+	bytes arm.rev	376832
state	P+	bytes arm.checkpoints	139264
state	P+	bytes arm.key_counts	188416
state	P+	bytes arm.postings	4104192
state	P+	resident	66
state	T	tigerbeetle PSS	2440644608
state	T	driver PSS	47826944
state	T	tigerbeetle amqp PSS	59545600
state	T	sidecar PSS	6882304
state	T	rabbitmq PSS	96884736
state	T	resident	66
state	T	reads	6655
state	T	hits	444
state	T	misses	6211
state	T	rows_touched	6204
state	T	evictions	5657
notrun	N	q3	Nilestream's served relation is fixed at (txn, acct, cur, amt, idem) — crates/nilestream-server/src/session.rs parse_insert takes four columns — so it holds no value day and no desk
notrun	N	q4	Nilestream's served relation is fixed at (txn, acct, cur, amt, idem) — crates/nilestream-server/src/session.rs parse_insert takes four columns — so it holds no value day and no desk
notrun	T	q3	T is the ledger floor (§7): TigerBeetle has no query language, so a statement, a desk exposure, a top-10 or an extract would be a client-side fold over lookups in the driver — a measurement of the driver, not of the ledger
notrun	T	q4	T is the ledger floor (§7): TigerBeetle has no query language, so a statement, a desk exposure, a top-10 or an extract would be a client-side fold over lookups in the driver — a measurement of the driver, not of the ledger
val	N	-3	c2_q1_p50_us	138.434
val	N	-3	c2_q1_p99_us	2037.966
val	N	-3	c2_q2_p50_us	7869.717
val	N	-3	c4_q1_p50_us	161.589
val	N	-3	c4_q1_p99_us	6540.356
val	N	-3	c4_q2_p50_us	9238.061
val	N	-3	c4_q2_p99_us	37892.027
val	N	-3	commits_per_s	1605.051546631683
val	N	-3	pss_growth_bytes_per_key_read	16589.370473537605
val	N	-3	pss_mib	11.111328125
val	N	-3	q1_p50_us	153.83700000000002
val	N	-3	q1_p99_us	616.402
val	N	-3	q2_p50_us	5493.121999999999
val	N	-3	q5_p50_us	868.638
val	N	-3	q6_p50_us	4525.853
val	N	-3	read_deadlock_retries	0
val	N	-3	write_p50_us	557.099
val	N	-3	write_p99_us	1568.981
val	P+	-3	c2_q1_p50_us	880.811
val	P+	-3	c2_q1_p99_us	9407.794
val	P+	-3	c2_q2_p50_us	767.304
val	P+	-3	c4_q1_p50_us	1861.285
val	P+	-3	c4_q1_p99_us	11467.816
val	P+	-3	c4_q2_p50_us	1673.974
val	P+	-3	c4_q2_p99_us	5471.453
val	P+	-3	commits_per_s	833.2662553997736
val	P+	-3	pss_growth_bytes_per_key_read	-6389.303621169916
val	P+	-3	pss_mib	43.353515625
val	P+	-3	q1_p50_us	664.2370000000001
val	P+	-3	q1_p99_us	3645.2059999999997
val	P+	-3	q2_p50_us	570.091
val	P+	-3	q3_p50_us	348.166
val	P+	-3	q4_p50_us	1726.556
val	P+	-3	q5_p50_us	1945.433
val	P+	-3	q6_p50_us	4737.62
val	P+	-3	read_deadlock_retries	0
val	P+	-3	write_p50_us	1098.3729999999998
val	P+	-3	write_p99_us	2945.483
val	P	-3	c2_q1_p50_us	98.98899999999999
val	P	-3	c2_q1_p99_us	1344.5149999999999
val	P	-3	c2_q2_p50_us	179.908
val	P	-3	c4_q1_p50_us	122.301
val	P	-3	c4_q1_p99_us	2727.683
val	P	-3	c4_q2_p50_us	235.195
val	P	-3	c4_q2_p99_us	3698.466
val	P	-3	commits_per_s	48.757748142515084
val	P	-3	pss_growth_bytes_per_key_read	-6212.456824512535
val	P	-3	pss_mib	43.416015625
val	P	-3	q1_p50_us	70.181
val	P	-3	q1_p99_us	1366.258
val	P	-3	q2_p50_us	153.341
val	P	-3	q3_p50_us	198.645
val	P	-3	q4_p50_us	227.677
val	P	-3	q5_p50_us	99.78
val	P	-3	q6_p50_us	823.747
val	P	-3	read_deadlock_retries	0
val	P	-3	write_p50_us	17824.21
val	P	-3	write_p99_us	40088.763
val	M	-3	c2_q1_p50_us	200.78300000000002
val	M	-3	c2_q1_p99_us	2313.8999999999996
val	M	-3	c2_q2_p50_us	323.16499999999996
val	M	-3	c4_q1_p50_us	175.746
val	M	-3	c4_q1_p99_us	7381.174
val	M	-3	c4_q2_p50_us	299.267
val	M	-3	c4_q2_p99_us	5105.280000000001
val	M	-3	commits_per_s	48.766713349334516
val	M	-3	pss_growth_bytes_per_key_read	-5787.454038997214
val	M	-3	pss_mib	43.6669921875
val	M	-3	q1_p50_us	123.31099999999999
val	M	-3	q1_p99_us	801.43
val	M	-3	q2_p50_us	176.959
val	M	-3	q3_p50_us	229.15699999999998
val	M	-3	q4_p50_us	228.011
val	M	-3	q5_p50_us	156.786
val	M	-3	q6_p50_us	750.28
val	M	-3	read_deadlock_retries	0
val	M	-3	write_p50_us	18205.972
val	M	-3	write_p99_us	34808.851
val	H1	-3	c2_q1_p50_us	885.6460000000001
val	H1	-3	c2_q1_p99_us	3424.8109999999997
val	H1	-3	c2_q2_p50_us	822.8340000000001
val	H1	-3	c4_q1_p50_us	751.996
val	H1	-3	c4_q1_p99_us	2927.1800000000003
val	H1	-3	c4_q2_p50_us	796.913
val	H1	-3	c4_q2_p99_us	3166.294
val	H1	-3	commits_per_s	522.5537189795457
val	H1	-3	inexactness_rate	0
val	H1	-3	pss_growth_bytes_per_key_read	-3083.409470752089
val	H1	-3	pss_mib	251.8916015625
val	H1	-3	q1_p50_us	881.404
val	H1	-3	q1_p99_us	2211.939
val	H1	-3	q2_p50_us	787.1990000000001
val	H1	-3	q3_p50_us	831.0120000000001
val	H1	-3	q4_p50_us	3545.853
val	H1	-3	q5_p50_us	3577.955
val	H1	-3	q6_p50_us	1739.632
val	H1	-3	read_deadlock_retries	0
val	H1	-3	stale_lag_epochs_max	0
val	H1	-3	stale_read_share	0
val	H1	-3	write_p50_us	1673.443
val	H1	-3	write_p99_us	4887.126
val	H2	-3	c2_q1_p50_us	183.305
val	H2	-3	c2_q1_p99_us	2454.788
val	H2	-3	c2_q2_p50_us	239.271
val	H2	-3	c4_q1_p50_us	148.05100000000002
val	H2	-3	c4_q1_p99_us	3067.143
val	H2	-3	c4_q2_p50_us	261.745
val	H2	-3	c4_q2_p99_us	1716.351
val	H2	-3	commits_per_s	584.0958412492923
val	H2	-3	pss_growth_bytes_per_key_read	-6934.105849582173
val	H2	-3	pss_mib	43.3818359375
val	H2	-3	q1_p50_us	128.524
val	H2	-3	q1_p99_us	354.985
val	H2	-3	q2_p50_us	180.159
val	H2	-3	q3_p50_us	209.183
val	H2	-3	q4_p50_us	261.219
val	H2	-3	q5_p50_us	333.959
val	H2	-3	q6_p50_us	614.9359999999999
val	H2	-3	read_deadlock_retries	0
val	H2	-3	write_p50_us	1254.2810000000002
val	H2	-3	write_p99_us	6441.647
val	H3	-3	c2_q1_p50_us	244.88500000000002
val	H3	-3	c2_q1_p99_us	11392.085
val	H3	-3	c2_q2_p50_us	270.06
val	H3	-3	c4_q1_p50_us	375.294
val	H3	-3	c4_q1_p99_us	13088.042
val	H3	-3	c4_q2_p50_us	377.188
val	H3	-3	c4_q2_p99_us	5586.398
val	H3	-3	commits_per_s	528.9465328943252
val	H3	-3	pss_growth_bytes_per_key_read	37674.07242339833
val	H3	-3	pss_mib	66.1005859375
val	H3	-3	q1_p50_us	272.533
val	H3	-3	q1_p99_us	1254.5049999999999
val	H3	-3	q2_p50_us	265.493
val	H3	-3	q3_p50_us	228.18599999999998
val	H3	-3	q4_p50_us	1649.276
val	H3	-3	q5_p50_us	2177.89
val	H3	-3	q6_p50_us	5060.176
val	H3	-3	read_deadlock_retries	0
val	H3	-3	write_p50_us	1125.487
val	H3	-3	write_p99_us	14832.813
val	T	-3	c2_q1_p50_us	1789.573
val	T	-3	c2_q1_p99_us	6460.494
val	T	-3	c2_q2_p50_us	2008.919
val	T	-3	c4_q1_p50_us	2417.612
val	T	-3	c4_q1_p99_us	5020.978
val	T	-3	c4_q2_p50_us	2408.736
val	T	-3	c4_q2_p99_us	6235.618
val	T	-3	commits_per_s	604.5894018742633
val	T	-3	inexactness_rate	0
val	T	-3	pss_growth_bytes_per_key_read	-3599.688022284123
val	T	-3	pss_mib	2528.34375
val	T	-3	q1_p50_us	1394.953
val	T	-3	q1_p99_us	5376.505
val	T	-3	q2_p50_us	1575.683
val	T	-3	read_deadlock_retries	0
val	T	-3	stale_lag_epochs_max	0
val	T	-3	stale_read_share	0
val	T	-3	write_p50_us	1389.313
val	T	-3	write_p99_us	6757.851
val	P+	-2	c2_q1_p50_us	901.671
val	P+	-2	c2_q1_p99_us	6700.925
val	P+	-2	c2_q2_p50_us	678.495
val	P+	-2	c4_q1_p50_us	1987.351
val	P+	-2	c4_q1_p99_us	10483.855
val	P+	-2	c4_q2_p50_us	1848.7060000000001
val	P+	-2	c4_q2_p99_us	4118.538
val	P+	-2	commits_per_s	682.3686982738939
val	P+	-2	pss_growth_bytes_per_key_read	31.561643835616437
val	P+	-2	pss_mib	45.55859375
val	P+	-2	q1_p50_us	737.903
val	P+	-2	q1_p99_us	1912.641
val	P+	-2	q2_p50_us	631.791
val	P+	-2	q2_p99_us	6662.162
val	P+	-2	q3_p50_us	393.543
val	P+	-2	q4_p50_us	2065.975
val	P+	-2	q5_p50_us	2949.431
val	P+	-2	q6_p50_us	4641.1050000000005
val	P+	-2	read_deadlock_retries	0
val	P+	-2	write_p50_us	1252.308
val	P+	-2	write_p99_us	3184.243
val	P	-2	c2_q1_p50_us	244.93200000000002
val	P	-2	c2_q1_p99_us	1810.75
val	P	-2	c2_q2_p50_us	299.615
val	P	-2	c4_q1_p50_us	161.59
val	P	-2	c4_q1_p99_us	2478.482
val	P	-2	c4_q2_p50_us	262.373
val	P	-2	c4_q2_p99_us	2404.8179999999998
val	P	-2	commits_per_s	47.66926162475544
val	P	-2	pss_growth_bytes_per_key_read	-4048.6575342465753
val	P	-2	pss_mib	43.2880859375
val	P	-2	q1_p50_us	149.25
val	P	-2	q1_p99_us	543.464
val	P	-2	q2_p50_us	245.517
val	P	-2	q2_p99_us	1415.346
val	P	-2	q3_p50_us	249.362
val	P	-2	q4_p50_us	329.64300000000003
val	P	-2	q5_p50_us	177.451
val	P	-2	q6_p50_us	686.847
val	P	-2	read_deadlock_retries	0
val	P	-2	write_p50_us	20069.170000000002
val	P	-2	write_p99_us	26583.932
val	M	-2	c2_q1_p50_us	143.946
val	M	-2	c2_q1_p99_us	2418.1820000000002
val	M	-2	c2_q2_p50_us	281.141
val	M	-2	c4_q1_p50_us	260.05899999999997
val	M	-2	c4_q1_p99_us	3953.344
val	M	-2	c4_q2_p50_us	415.567
val	M	-2	c4_q2_p99_us	3062.6730000000002
val	M	-2	commits_per_s	45.5861771988864
val	M	-2	pss_growth_bytes_per_key_read	-3932.931506849315
val	M	-2	pss_mib	43.4580078125
val	M	-2	q1_p50_us	161.658
val	M	-2	q1_p99_us	670.618
val	M	-2	q2_p50_us	232.84799999999998
val	M	-2	q2_p99_us	1385.173
val	M	-2	q3_p50_us	233.25400000000002
val	M	-2	q4_p50_us	388.94199999999995
val	M	-2	q5_p50_us	158.41400000000002
val	M	-2	q6_p50_us	746.4970000000001
val	M	-2	read_deadlock_retries	0
val	M	-2	write_p50_us	20722.964
val	M	-2	write_p99_us	31485.758
val	H1	-2	c2_q1_p50_us	840.744
val	H1	-2	c2_q1_p99_us	2771.088
val	H1	-2	c2_q2_p50_us	762.057
val	H1	-2	c4_q1_p50_us	782.2909999999999
val	H1	-2	c4_q1_p99_us	2495.741
val	H1	-2	c4_q2_p50_us	801.084
val	H1	-2	c4_q2_p99_us	4497.072
val	H1	-2	commits_per_s	456.03146416448885
val	H1	-2	inexactness_rate	0
val	H1	-2	pss_growth_bytes_per_key_read	15363.506849315068
val	H1	-2	pss_mib	261.50390625
val	H1	-2	q1_p50_us	1056.784
val	H1	-2	q1_p99_us	2607.3360000000002
val	H1	-2	q2_p50_us	904.357
val	H1	-2	q2_p99_us	4987.699
val	H1	-2	q3_p50_us	1048.87
val	H1	-2	q4_p50_us	3653.562
val	H1	-2	q5_p50_us	554.408
val	H1	-2	q6_p50_us	1916.344
val	H1	-2	read_deadlock_retries	0
val	H1	-2	stale_lag_epochs_max	0
val	H1	-2	stale_read_share	0
val	H1	-2	write_p50_us	1892.461
val	H1	-2	write_p99_us	6177.612
val	H2	-2	c2_q1_p50_us	210.128
val	H2	-2	c2_q1_p99_us	1924.078
val	H2	-2	c2_q2_p50_us	284.946
val	H2	-2	c4_q1_p50_us	212.06400000000002
val	H2	-2	c4_q1_p99_us	2823.662
val	H2	-2	c4_q2_p50_us	329.32099999999997
val	H2	-2	c4_q2_p99_us	4002.3990000000003
val	H2	-2	commits_per_s	510.6157655936631
val	H2	-2	pss_growth_bytes_per_key_read	-4344.986301369863
val	H2	-2	pss_mib	43.3359375
val	H2	-2	q1_p50_us	147.49699999999999
val	H2	-2	q1_p99_us	478.519
val	H2	-2	q2_p50_us	217.626
val	H2	-2	q2_p99_us	1442.8380000000002
val	H2	-2	q3_p50_us	187.25900000000001
val	H2	-2	q4_p50_us	304.835
val	H2	-2	q5_p50_us	142.244
val	H2	-2	q6_p50_us	666.398
val	H2	-2	read_deadlock_retries	0
val	H2	-2	write_p50_us	1501.8049999999998
val	H2	-2	write_p99_us	6226.481
val	H3	-2	c2_q1_p50_us	299.591
val	H3	-2	c2_q1_p99_us	1011.1530000000001
val	H3	-2	c2_q2_p50_us	270.083
val	H3	-2	c4_q1_p50_us	619.4259999999999
val	H3	-2	c4_q1_p99_us	1415.178
val	H3	-2	c4_q2_p50_us	678.097
val	H3	-2	c4_q2_p99_us	1548.912
val	H3	-2	commits_per_s	628.2616202012749
val	H3	-2	pss_growth_bytes_per_key_read	24139.397260273974
val	H3	-2	pss_mib	66.646484375
val	H3	-2	q1_p50_us	304.406
val	H3	-2	q1_p99_us	789.644
val	H3	-2	q2_p50_us	281.59499999999997
val	H3	-2	q2_p99_us	985.9529999999999
val	H3	-2	q3_p50_us	381.889
val	H3	-2	q4_p50_us	1832.898
val	H3	-2	q5_p50_us	1887.05
val	H3	-2	q6_p50_us	5856.933
val	H3	-2	read_deadlock_retries	0
val	H3	-2	write_p50_us	1369.746
val	H3	-2	write_p99_us	4324.426
val	T	-2	c2_q1_p50_us	1799.305
val	T	-2	c2_q1_p99_us	5261.097
val	T	-2	c2_q2_p50_us	1860.359
val	T	-2	c4_q1_p50_us	2344.017
val	T	-2	c4_q1_p99_us	7246.156999999999
val	T	-2	c4_q2_p50_us	2435.834
val	T	-2	c4_q2_p99_us	8147.188
val	T	-2	commits_per_s	679.5621282200542
val	T	-2	inexactness_rate	0
val	T	-2	pss_growth_bytes_per_key_read	-3180.7123287671234
val	T	-2	pss_mib	2527.8046875
val	T	-2	q1_p50_us	1477.847
val	T	-2	q1_p99_us	7584.836
val	T	-2	q2_p50_us	1448.6119999999999
val	T	-2	q2_p99_us	2698.995
val	T	-2	read_deadlock_retries	0
val	T	-2	stale_lag_epochs_max	0
val	T	-2	stale_read_share	0
val	T	-2	write_p50_us	1391.855
val	T	-2	write_p99_us	2394.4249999999997
val	N	-2	c2_q1_p50_us	185.76000000000002
val	N	-2	c2_q1_p99_us	1472.7939999999999
val	N	-2	c2_q2_p50_us	9176.78
val	N	-2	c4_q1_p50_us	124.86699999999999
val	N	-2	c4_q1_p99_us	8620.555
val	N	-2	c4_q2_p50_us	9503.358
val	N	-2	c4_q2_p99_us	42538.418
val	N	-2	commits_per_s	1522.7001859673735
val	N	-2	pss_growth_bytes_per_key_read	10716.931506849314
val	N	-2	pss_mib	11.400390625
val	N	-2	q1_p50_us	215.654
val	N	-2	q1_p99_us	648.457
val	N	-2	q2_p50_us	9650.598
val	N	-2	q2_p99_us	17798.413
val	N	-2	q5_p50_us	1539.772
val	N	-2	q6_p50_us	3967.857
val	N	-2	read_deadlock_retries	0
val	N	-2	write_p50_us	611.26
val	N	-2	write_p99_us	901.7479999999999
val	P	-1	c2_q1_p50_us	53.626
val	P	-1	c2_q1_p99_us	1030.558
val	P	-1	c2_q2_p50_us	127.633
val	P	-1	c4_q1_p50_us	168.296
val	P	-1	c4_q1_p99_us	2537.542
val	P	-1	c4_q2_p50_us	231.74599999999998
val	P	-1	c4_q2_p99_us	2137.045
val	P	-1	commits_per_s	43.67907894834747
val	P	-1	pss_growth_bytes_per_key_read	-3142.9973333333332
val	P	-1	pss_mib	43.294921875
val	P	-1	q1_p50_us	159.27
val	P	-1	q1_p99_us	2009.571
val	P	-1	q2_p50_us	254.031
val	P	-1	q3_p50_us	304.825
val	P	-1	q4_p50_us	358.973
val	P	-1	q5_p50_us	246.83499999999998
val	P	-1	q6_p50_us	842.217
val	P	-1	read_deadlock_retries	0
val	P	-1	write_p50_us	20162.452
val	P	-1	write_p99_us	40787.231
val	M	-1	c2_q1_p50_us	51.604
val	M	-1	c2_q1_p99_us	2075.66
val	M	-1	c2_q2_p50_us	140.829
val	M	-1	c4_q1_p50_us	285.329
val	M	-1	c4_q1_p99_us	2752.546
val	M	-1	c4_q2_p50_us	294.79
val	M	-1	c4_q2_p99_us	3426.883
val	M	-1	commits_per_s	46.077261951968886
val	M	-1	pss_growth_bytes_per_key_read	-2996.9066666666668
val	M	-1	pss_mib	43.5048828125
val	M	-1	q1_p50_us	160.236
val	M	-1	q1_p99_us	1110.548
val	M	-1	q2_p50_us	217.943
val	M	-1	q3_p50_us	279.584
val	M	-1	q4_p50_us	335.53000000000003
val	M	-1	q5_p50_us	212.30599999999998
val	M	-1	q6_p50_us	717.866
val	M	-1	read_deadlock_retries	0
val	M	-1	write_p50_us	19212.872
val	M	-1	write_p99_us	44801.529
val	H1	-1	c2_q1_p50_us	941.448
val	H1	-1	c2_q1_p99_us	2609.5229999999997
val	H1	-1	c2_q2_p50_us	801.975
val	H1	-1	c4_q1_p50_us	796.419
val	H1	-1	c4_q1_p99_us	3148.637
val	H1	-1	c4_q2_p50_us	850.176
val	H1	-1	c4_q2_p99_us	3325.9359999999997
val	H1	-1	commits_per_s	401.1800309430157
val	H1	-1	inexactness_rate	0
val	H1	-1	pss_growth_bytes_per_key_read	24829.952
val	H1	-1	pss_mib	270.70703125
val	H1	-1	q1_p50_us	1098.643
val	H1	-1	q1_p99_us	3430.939
val	H1	-1	q2_p50_us	915.009
val	H1	-1	q3_p50_us	1092.35
val	H1	-1	q4_p50_us	4935.784000000001
val	H1	-1	q5_p50_us	6945.8949999999995
val	H1	-1	q6_p50_us	1927.681
val	H1	-1	read_deadlock_retries	0
val	H1	-1	stale_lag_epochs_max	1
val	H1	-1	stale_read_share	0.001851851851851852
val	H1	-1	write_p50_us	2150.56
val	H1	-1	write_p99_us	8815.424
val	H2	-1	c2_q1_p50_us	141.363
val	H2	-1	c2_q1_p99_us	2205.649
val	H2	-1	c2_q2_p50_us	233.766
val	H2	-1	c4_q1_p50_us	179.32000000000002
val	H2	-1	c4_q1_p99_us	2063.04
val	H2	-1	c4_q2_p50_us	318.555
val	H2	-1	c4_q2_p99_us	2471.828
val	H2	-1	commits_per_s	412.9977665906779
val	H2	-1	pss_growth_bytes_per_key_read	-3366.912
val	H2	-1	pss_mib	43.34765625
val	H2	-1	q1_p50_us	170.299
val	H2	-1	q1_p99_us	1084.71
val	H2	-1	q2_p50_us	273.993
val	H2	-1	q3_p50_us	287.025
val	H2	-1	q4_p50_us	307.264
val	H2	-1	q5_p50_us	314.211
val	H2	-1	q6_p50_us	639.5110000000001
val	H2	-1	read_deadlock_retries	0
val	H2	-1	write_p50_us	1956.729
val	H2	-1	write_p99_us	6584.657
val	H3	-1	c2_q1_p50_us	398.815
val	H3	-1	c2_q1_p99_us	1221.74
val	H3	-1	c2_q2_p50_us	385.745
val	H3	-1	c4_q1_p50_us	470.52
val	H3	-1	c4_q1_p99_us	2365.878
val	H3	-1	c4_q2_p50_us	579.7349999999999
val	H3	-1	c4_q2_p99_us	2710.583
val	H3	-1	commits_per_s	404.56957286859347
val	H3	-1	pss_growth_bytes_per_key_read	18812.928
val	H3	-1	pss_mib	66.658203125
val	H3	-1	q1_p50_us	341.184
val	H3	-1	q1_p99_us	1365.471
val	H3	-1	q2_p50_us	331.39
val	H3	-1	q3_p50_us	370.977
val	H3	-1	q4_p50_us	2793.622
val	H3	-1	q5_p50_us	4100.6410000000005
val	H3	-1	q6_p50_us	5638.221
val	H3	-1	read_deadlock_retries	0
val	H3	-1	write_p50_us	1671.691
val	H3	-1	write_p99_us	16699.768
val	T	-1	c2_q1_p50_us	1862.325
val	T	-1	c2_q1_p99_us	4384.111000000001
val	T	-1	c2_q2_p50_us	1894.746
val	T	-1	c4_q1_p50_us	2435.286
val	T	-1	c4_q1_p99_us	8775.776000000002
val	T	-1	c4_q2_p50_us	2612.9539999999997
val	T	-1	c4_q2_p99_us	7954.215
val	T	-1	commits_per_s	703.5449943758613
val	T	-1	inexactness_rate	0
val	T	-1	pss_growth_bytes_per_key_read	-5049.002666666666
val	T	-1	pss_mib	2525.96484375
val	T	-1	q1_p50_us	1281.983
val	T	-1	q1_p99_us	5393.843
val	T	-1	q2_p50_us	1427.6009999999999
val	T	-1	read_deadlock_retries	0
val	T	-1	stale_lag_epochs_max	0
val	T	-1	stale_read_share	0
val	T	-1	write_p50_us	1292.733
val	T	-1	write_p99_us	3033.856
val	N	-1	c2_q1_p50_us	139.488
val	N	-1	c2_q1_p99_us	6574.813
val	N	-1	c2_q2_p50_us	10282.863
val	N	-1	c4_q1_p50_us	139.774
val	N	-1	c4_q1_p99_us	7461.163
val	N	-1	c4_q2_p50_us	10713.709
val	N	-1	c4_q2_p99_us	46176.238000000005
val	N	-1	commits_per_s	1514.2209575448783
val	N	-1	pss_growth_bytes_per_key_read	8361.301333333333
val	N	-1	pss_mib	11.412109375
val	N	-1	q1_p50_us	213.082
val	N	-1	q1_p99_us	568.8050000000001
val	N	-1	q2_p50_us	9795.065
val	N	-1	q5_p50_us	2345.6420000000003
val	N	-1	q6_p50_us	3970.978
val	N	-1	read_deadlock_retries	0
val	N	-1	write_p50_us	606.436
val	N	-1	write_p99_us	996.595
val	P+	-1	c2_q1_p50_us	1011.802
val	P+	-1	c2_q1_p99_us	9273.518999999998
val	P+	-1	c2_q2_p50_us	887.648
val	P+	-1	c4_q1_p50_us	2054.9359999999997
val	P+	-1	c4_q1_p99_us	14699.159
val	P+	-1	c4_q2_p50_us	1505.8770000000002
val	P+	-1	c4_q2_p99_us	12484.355000000001
val	P+	-1	commits_per_s	785.7643389026741
val	P+	-1	pss_growth_bytes_per_key_read	-3203.072
val	P+	-1	pss_mib	43.25
val	P+	-1	q1_p50_us	618.891
val	P+	-1	q1_p99_us	1667.0420000000001
val	P+	-1	q2_p50_us	508.925
val	P+	-1	q3_p50_us	278.995
val	P+	-1	q4_p50_us	1835.554
val	P+	-1	q5_p50_us	3628.2129999999997
val	P+	-1	q6_p50_us	5079.918
val	P+	-1	read_deadlock_retries	0
val	P+	-1	write_p50_us	1062.473
val	P+	-1	write_p99_us	4088.4550000000004
val	M	0	c2_q1_p50_us	183.01299999999998
val	M	0	c2_q1_p99_us	2124.916
val	M	0	c2_q2_p50_us	349.759
val	M	0	c4_q1_p50_us	341.364
val	M	0	c4_q1_p99_us	3008.757
val	M	0	c4_q2_p50_us	533.223
val	M	0	c4_q2_p99_us	4155.935
val	M	0	commits_per_s	46.64619327926686
val	M	0	pss_growth_bytes_per_key_read	-2605.895227008149
val	M	0	pss_mib	43.513671875
val	M	0	q1_p50_us	156.694
val	M	0	q1_p99_us	490.229
val	M	0	q2_p50_us	253.02499999999998
val	M	0	q3_p50_us	353.48999999999995
val	M	0	q4_p50_us	400.867
val	M	0	q5_p50_us	173.181
val	M	0	read_deadlock_retries	0
val	M	0	write_p50_us	20712.92
val	M	0	write_p99_us	31617.38
val	H1	0	c2_q1_p50_us	799.778
val	H1	0	c2_q1_p99_us	2140.302
val	H1	0	c2_q2_p50_us	801.318
val	H1	0	c4_q1_p50_us	749.742
val	H1	0	c4_q1_p99_us	2281.901
val	H1	0	c4_q2_p50_us	806.437
val	H1	0	c4_q2_p99_us	3955.0860000000002
val	H1	0	commits_per_s	506.1333620412176
val	H1	0	inexactness_rate	0
val	H1	0	pss_growth_bytes_per_key_read	24483.01746216531
val	H1	0	pss_mib	273.00390625
val	H1	0	q1_p50_us	892.88
val	H1	0	q1_p99_us	3741.9990000000003
val	H1	0	q2_p50_us	867.8439999999999
val	H1	0	q3_p50_us	907.706
val	H1	0	q4_p50_us	4094.0789999999997
val	H1	0	q5_p50_us	9277.802
val	H1	0	read_deadlock_retries	0
val	H1	0	stale_lag_epochs_max	1
val	H1	0	stale_read_share	0.001851851851851852
val	H1	0	write_p50_us	1836.7959999999998
val	H1	0	write_p99_us	4808.498
val	H2	0	c2_q1_p50_us	199.078
val	H2	0	c2_q1_p99_us	1556.768
val	H2	0	c2_q2_p50_us	302.62399999999997
val	H2	0	c4_q1_p50_us	226.511
val	H2	0	c4_q1_p99_us	2617.5679999999998
val	H2	0	c4_q2_p50_us	342.005
val	H2	0	c4_q2_p99_us	2954.4939999999997
val	H2	0	commits_per_s	546.3877907025505
val	H2	0	pss_growth_bytes_per_key_read	-2863.385331781141
val	H2	0	pss_mib	43.41015625
val	H2	0	q1_p50_us	140.044
val	H2	0	q1_p99_us	414.312
val	H2	0	q2_p50_us	228.927
val	H2	0	q3_p50_us	345.628
val	H2	0	q4_p50_us	278.447
val	H2	0	q5_p50_us	161.90599999999998
val	H2	0	read_deadlock_retries	0
val	H2	0	write_p50_us	1462.522
val	H2	0	write_p99_us	4759.652
val	H3	0	c2_q1_p50_us	366.161
val	H3	0	c2_q1_p99_us	1462.1879999999999
val	H3	0	c2_q2_p50_us	370.688
val	H3	0	c4_q1_p50_us	536.186
val	H3	0	c4_q1_p99_us	2154.793
val	H3	0	c4_q2_p50_us	628.546
val	H3	0	c4_q2_p99_us	2009.415
val	H3	0	commits_per_s	604.7314612842905
val	H3	0	pss_growth_bytes_per_key_read	16878.714784633295
val	H3	0	pss_mib	67.029296875
val	H3	0	q1_p50_us	312.171
val	H3	0	q1_p99_us	1661.3960000000002
val	H3	0	q2_p50_us	347.432
val	H3	0	q3_p50_us	398.334
val	H3	0	q4_p50_us	1685.438
val	H3	0	q5_p50_us	2027.5330000000001
val	H3	0	read_deadlock_retries	0
val	H3	0	write_p50_us	1439.192
val	H3	0	write_p99_us	4786.842000000001
val	T	0	c2_q1_p50_us	1788.525
val	T	0	c2_q1_p99_us	6552.284000000001
val	T	0	c2_q2_p50_us	1972.9740000000002
val	T	0	c4_q1_p50_us	1995.214
val	T	0	c4_q1_p99_us	4718.485
val	T	0	c4_q2_p50_us	2172.137
val	T	0	c4_q2_p99_us	4860.64
val	T	0	commits_per_s	706.0855643666013
val	T	0	inexactness_rate	0
val	T	0	pss_growth_bytes_per_key_read	-4365.410942956927
val	T	0	pss_mib	2526
val	T	0	q1_p50_us	1298.8500000000001
val	T	0	q1_p99_us	4998.773
val	T	0	q2_p50_us	1269.5910000000001
val	T	0	read_deadlock_retries	0
val	T	0	stale_lag_epochs_max	0
val	T	0	stale_read_share	0
val	T	0	write_p50_us	1273.349
val	T	0	write_p99_us	3238.013
val	N	0	c2_q1_p50_us	117.419
val	N	0	c2_q1_p99_us	632.753
val	N	0	c2_q2_p50_us	9408.78
val	N	0	c4_q1_p50_us	160.613
val	N	0	c4_q1_p99_us	8104.828999999999
val	N	0	c4_q2_p50_us	14338.198999999999
val	N	0	c4_q2_p99_us	42068.972
val	N	0	commits_per_s	1751.6624371317405
val	N	0	pss_growth_bytes_per_key_read	7352.7729918509895
val	N	0	pss_mib	11.455078125
val	N	0	q1_p50_us	165.532
val	N	0	q1_p99_us	500.684
val	N	0	q2_p50_us	9306.402
val	N	0	q5_p50_us	1554.491
val	N	0	read_deadlock_retries	0
val	N	0	write_p50_us	580.737
val	N	0	write_p99_us	810.072
val	P+	0	c2_q1_p50_us	1007.3860000000001
val	P+	0	c2_q1_p99_us	8362.162
val	P+	0	c2_q2_p50_us	751.975
val	P+	0	c4_q1_p50_us	2175.218
val	P+	0	c4_q1_p99_us	11729.983
val	P+	0	c4_q2_p50_us	1893.484
val	P+	0	c4_q2_p99_us	15366.538
val	P+	0	commits_per_s	743.950058632564
val	P+	0	pss_growth_bytes_per_key_read	-2820.4703143189754
val	P+	0	pss_mib	43.23046875
val	P+	0	q1_p50_us	733.6800000000001
val	P+	0	q1_p99_us	3016.442
val	P+	0	q2_p50_us	602.359
val	P+	0	q3_p50_us	429.378
val	P+	0	q4_p50_us	1688.75
val	P+	0	q5_p50_us	2671.901
val	P+	0	read_deadlock_retries	0
val	P+	0	write_p50_us	1083.55
val	P+	0	write_p99_us	4085.021
val	P	0	c2_q1_p50_us	158.102
val	P	0	c2_q1_p99_us	1912.668
val	P	0	c2_q2_p50_us	370.16499999999996
val	P	0	c4_q1_p50_us	222.605
val	P	0	c4_q1_p99_us	3209.899
val	P	0	c4_q2_p50_us	326.09000000000003
val	P	0	c4_q2_p99_us	2164.433
val	P	0	commits_per_s	44.59986178101434
val	P	0	pss_growth_bytes_per_key_read	-2748.9452852153668
val	P	0	pss_mib	43.291015625
val	P	0	q1_p50_us	156.56
val	P	0	q1_p99_us	3448.256
val	P	0	q2_p50_us	269.742
val	P	0	q3_p50_us	289.873
val	P	0	q4_p50_us	277.028
val	P	0	q5_p50_us	198.49099999999999
val	P	0	read_deadlock_retries	0
val	P	0	write_p50_us	19217.079
val	P	0	write_p99_us	35285.357
val	H1	1	c2_q1_p50_us	839.554
val	H1	1	c2_q1_p99_us	2229.591
val	H1	1	c2_q2_p50_us	847.81
val	H1	1	c4_q1_p50_us	849.617
val	H1	1	c4_q1_p99_us	7298.624
val	H1	1	c4_q2_p50_us	857.872
val	H1	1	c4_q2_p99_us	2998.172
val	H1	1	commits_per_s	455.92805637641595
val	H1	1	inexactness_rate	0
val	H1	1	pss_growth_bytes_per_key_read	21964.693110647182
val	H1	1	pss_mib	273.0146484375
val	H1	1	q1_p50_us	932.692
val	H1	1	q1_p99_us	3796.883
val	H1	1	q2_p50_us	909.076
val	H1	1	q3_p50_us	984.656
val	H1	1	q4_p50_us	3223.071
val	H1	1	q5_p50_us	5840.825
val	H1	1	q6_p50_us	2399.146
val	H1	1	read_deadlock_retries	0
val	H1	1	stale_lag_epochs_max	0
val	H1	1	stale_read_share	0
val	H1	1	write_p50_us	1852.4679999999998
val	H1	1	write_p99_us	7824.664000000001
val	H2	1	c2_q1_p50_us	146.684
val	H2	1	c2_q1_p99_us	3069.087
val	H2	1	c2_q2_p50_us	232.436
val	H2	1	c4_q1_p50_us	306.323
val	H2	1	c4_q1_p99_us	2839.2909999999997
val	H2	1	c4_q2_p50_us	411.329
val	H2	1	c4_q2_p99_us	4744.464
val	H2	1	commits_per_s	561.7240975256392
val	H2	1	pss_growth_bytes_per_key_read	-2616.651356993737
val	H2	1	pss_mib	43.365234375
val	H2	1	q1_p50_us	129.87099999999998
val	H2	1	q1_p99_us	632.8599999999999
val	H2	1	q2_p50_us	232.704
val	H2	1	q3_p50_us	297.46
val	H2	1	q4_p50_us	376.229
val	H2	1	q5_p50_us	190.715
val	H2	1	q6_p50_us	731.024
val	H2	1	read_deadlock_retries	0
val	H2	1	write_p50_us	1539.15
val	H2	1	write_p99_us	4861.701
val	H3	1	c2_q1_p50_us	367.326
val	H3	1	c2_q1_p99_us	1182.902
val	H3	1	c2_q2_p50_us	426.97299999999996
val	H3	1	c4_q1_p50_us	645.702
val	H3	1	c4_q1_p99_us	4680.347
val	H3	1	c4_q2_p50_us	571.808
val	H3	1	c4_q2_p99_us	9322.615
val	H3	1	commits_per_s	418.55653662882423
val	H3	1	pss_growth_bytes_per_key_read	15215.699373695199
val	H3	1	pss_mib	67.103515625
val	H3	1	q1_p50_us	315.284
val	H3	1	q1_p99_us	1853.984
val	H3	1	q2_p50_us	375.12800000000004
val	H3	1	q3_p50_us	638.121
val	H3	1	q4_p50_us	1738.044
val	H3	1	q5_p50_us	2124.275
val	H3	1	q6_p50_us	5630.429999999999
val	H3	1	read_deadlock_retries	0
val	H3	1	write_p50_us	1597.3899999999999
val	H3	1	write_p99_us	16974.435999999998
val	T	1	c2_q1_p50_us	1880.29
val	T	1	c2_q1_p99_us	6020.53
val	T	1	c2_q2_p50_us	1962.293
val	T	1	c4_q1_p50_us	2222.0679999999998
val	T	1	c4_q1_p99_us	9020.616
val	T	1	c4_q2_p50_us	2229.0119999999997
val	T	1	c4_q2_p99_us	6300.026
val	T	1	commits_per_s	648.0198942107523
val	T	1	inexactness_rate	0
val	T	1	pss_growth_bytes_per_key_read	-3875.8079331941544
val	T	1	pss_mib	2526.03515625
val	T	1	q1_p50_us	1330.693
val	T	1	q1_p99_us	4956.032
val	T	1	q2_p50_us	1168.23
val	T	1	read_deadlock_retries	0
val	T	1	stale_lag_epochs_max	0
val	T	1	stale_read_share	0
val	T	1	write_p50_us	1283.782
val	T	1	write_p99_us	3545.623
val	N	1	c2_q1_p50_us	124.77000000000001
val	N	1	c2_q1_p99_us	5288.197
val	N	1	c2_q2_p50_us	9140.858
val	N	1	c4_q1_p50_us	175.854
val	N	1	c4_q1_p99_us	7585.025
val	N	1	c4_q2_p50_us	14372.271
val	N	1	c4_q2_p99_us	39248.124
val	N	1	commits_per_s	1279.0027462107464
val	N	1	pss_growth_bytes_per_key_read	12022.914405010439
val	N	1	pss_mib	16.416015625
val	N	1	q1_p50_us	191.399
val	N	1	q1_p99_us	578.5649999999999
val	N	1	q2_p50_us	9526.857
val	N	1	q5_p50_us	1713.3249999999998
val	N	1	q6_p50_us	4070.8949999999995
val	N	1	read_deadlock_retries	0
val	N	1	write_p50_us	624.82
val	N	1	write_p99_us	3122.03
val	P+	1	c2_q1_p50_us	914.317
val	P+	1	c2_q1_p99_us	6434.189
val	P+	1	c2_q2_p50_us	811.216
val	P+	1	c4_q1_p50_us	2023.619
val	P+	1	c4_q1_p99_us	12843.43
val	P+	1	c4_q2_p50_us	1844.916
val	P+	1	c4_q2_p99_us	5992.344999999999
val	P+	1	commits_per_s	704.9333136609944
val	P+	1	pss_growth_bytes_per_key_read	-2509.7620041753653
val	P+	1	pss_mib	43.248046875
val	P+	1	q1_p50_us	756.206
val	P+	1	q1_p99_us	2462.712
val	P+	1	q2_p50_us	613.6479999999999
val	P+	1	q3_p50_us	374.966
val	P+	1	q4_p50_us	2248.1369999999997
val	P+	1	q5_p50_us	2015.747
val	P+	1	q6_p50_us	8990.553
val	P+	1	read_deadlock_retries	0
val	P+	1	write_p50_us	1257.0700000000002
val	P+	1	write_p99_us	3553.7059999999997
val	P	1	c2_q1_p50_us	149.02599999999998
val	P	1	c2_q1_p99_us	1785.595
val	P	1	c2_q2_p50_us	203.869
val	P	1	c4_q1_p50_us	272.96200000000005
val	P	1	c4_q1_p99_us	2329.9900000000002
val	P	1	c4_q2_p50_us	384.17900000000003
val	P	1	c4_q2_p99_us	2274.375
val	P	1	commits_per_s	47.67843758370322
val	P	1	pss_growth_bytes_per_key_read	-2455.2484342379958
val	P	1	pss_mib	43.2998046875
val	P	1	q1_p50_us	149.63
val	P	1	q1_p99_us	1184.626
val	P	1	q2_p50_us	268.73
val	P	1	q3_p50_us	323.444
val	P	1	q4_p50_us	297.74899999999997
val	P	1	q5_p50_us	163.918
val	P	1	q6_p50_us	918.2040000000001
val	P	1	read_deadlock_retries	0
val	P	1	write_p50_us	19006.538
val	P	1	write_p99_us	27793.422000000002
val	M	1	c2_q1_p50_us	134.06900000000002
val	M	1	c2_q1_p99_us	3431.798
val	M	1	c2_q2_p50_us	206.937
val	M	1	c4_q1_p50_us	218.683
val	M	1	c4_q1_p99_us	4328.7029999999995
val	M	1	c4_q2_p50_us	340.705
val	M	1	c4_q2_p99_us	3080.719
val	M	1	commits_per_s	48.86515168587229
val	M	1	pss_growth_bytes_per_key_read	-2354.7724425887263
val	M	1	pss_mib	43.4970703125
val	M	1	q1_p50_us	148.032
val	M	1	q1_p99_us	1125.1799999999998
val	M	1	q2_p50_us	282.893
val	M	1	q3_p50_us	390.589
val	M	1	q4_p50_us	308.539
val	M	1	q5_p50_us	218.828
val	M	1	q6_p50_us	851.489
val	M	1	read_deadlock_retries	0
val	M	1	write_p50_us	19339.176
val	M	1	write_p99_us	26680.062
val	H2	2	c2_q1_p50_us	55.753
val	H2	2	c2_q1_p99_us	1144.405
val	H2	2	c2_q2_p50_us	172.818
val	H2	2	c4_q1_p50_us	246.36999999999998
val	H2	2	c4_q1_p99_us	1626.181
val	H2	2	c4_q2_p50_us	406.71000000000004
val	H2	2	c4_q2_p99_us	2716.189
val	H2	2	commits_per_s	597.9414311584648
val	H2	2	pss_growth_bytes_per_key_read	-2465.222331047992
val	H2	2	pss_mib	43.35546875
val	H2	2	q1_p50_us	133.325
val	H2	2	q1_p99_us	304.19000000000005
val	H2	2	q2_p50_us	237.339
val	H2	2	q3_p50_us	193.402
val	H2	2	q4_p50_us	261.00500000000005
val	H2	2	q5_p50_us	156.037
val	H2	2	q6_p50_us	702.9879999999999
val	H2	2	read_deadlock_retries	0
val	H2	2	write_p50_us	1548.354
val	H2	2	write_p99_us	4862.021000000001
val	H3	2	c2_q1_p50_us	370.093
val	H3	2	c2_q1_p99_us	1003.9859999999999
val	H3	2	c2_q2_p50_us	379.048
val	H3	2	c4_q1_p50_us	497.079
val	H3	2	c4_q1_p99_us	1716.0210000000002
val	H3	2	c4_q2_p50_us	597.8910000000001
val	H3	2	c4_q2_p99_us	2650.227
val	H3	2	commits_per_s	714.0230048215831
val	H3	2	pss_growth_bytes_per_key_read	14440.305582761997
val	H3	2	pss_mib	67.2626953125
val	H3	2	q1_p50_us	247.043
val	H3	2	q1_p99_us	670.807
val	H3	2	q2_p50_us	264.679
val	H3	2	q3_p50_us	198.34900000000002
val	H3	2	q4_p50_us	1512.411
val	H3	2	q5_p50_us	3573.021
val	H3	2	q6_p50_us	5268.602
val	H3	2	read_deadlock_retries	0
val	H3	2	write_p50_us	1256.832
val	H3	2	write_p99_us	4160.92
val	T	2	c2_q1_p50_us	1793.4850000000001
val	T	2	c2_q1_p99_us	3581.677
val	T	2	c2_q2_p50_us	1796.634
val	T	2	c4_q1_p50_us	2317.237
val	T	2	c4_q1_p99_us	3886.463
val	T	2	c4_q2_p50_us	2324.033
val	T	2	c4_q2_p99_us	5352.051
val	T	2	commits_per_s	747.5817785314398
val	T	2	inexactness_rate	0
val	T	2	pss_growth_bytes_per_key_read	-3600.5484818805094
val	T	2	pss_mib	2526.0703125
val	T	2	q1_p50_us	1066.357
val	T	2	q1_p99_us	2944.174
val	T	2	q2_p50_us	1243.336
val	T	2	read_deadlock_retries	0
val	T	2	stale_lag_epochs_max	0
val	T	2	stale_read_share	0
val	T	2	write_p50_us	1155.8980000000001
val	T	2	write_p99_us	3609.429
val	N	2	c2_q1_p50_us	151.584
val	N	2	c2_q1_p99_us	461.63
val	N	2	c2_q2_p50_us	9561.817000000001
val	N	2	c4_q1_p50_us	158.342
val	N	2	c4_q1_p99_us	11526.79
val	N	2	c4_q2_p50_us	11995.074
val	N	2	c4_q2_p99_us	58338.604
val	N	2	commits_per_s	1583.200219178238
val	N	2	pss_growth_bytes_per_key_read	16973.727717923604
val	N	2	pss_mib	21.958984375
val	N	2	q1_p50_us	184.18300000000002
val	N	2	q1_p99_us	893.348
val	N	2	q2_p50_us	9094.16
val	N	2	q5_p50_us	2370.5330000000004
val	N	2	q6_p50_us	3744.013
val	N	2	read_deadlock_retries	0
val	N	2	write_p50_us	608.8299999999999
val	N	2	write_p99_us	987.2360000000001
val	P+	2	c2_q1_p50_us	940.963
val	P+	2	c2_q1_p99_us	5216.451
val	P+	2	c2_q2_p50_us	797.456
val	P+	2	c4_q1_p50_us	1893.471
val	P+	2	c4_q1_p99_us	1003671.7529999999
val	P+	2	c4_q2_p50_us	1869.3329999999999
val	P+	2	c4_q2_p99_us	1002945.511
val	P+	2	commits_per_s	890.9572163681136
val	P+	2	pss_growth_bytes_per_key_read	-2369.94319294809
val	P+	2	pss_mib	43.2333984375
val	P+	2	q1_p50_us	695.103
val	P+	2	q1_p99_us	1470.494
val	P+	2	q2_p50_us	535.772
val	P+	2	q3_p50_us	351.30699999999996
val	P+	2	q4_p50_us	1553.3000000000002
val	P+	2	q5_p50_us	3563.148
val	P+	2	q6_p50_us	4325.993
val	P+	2	read_deadlock_retries	1
val	P+	2	write_p50_us	960.403
val	P+	2	write_p99_us	3036.942
val	P	2	c2_q1_p50_us	168.303
val	P	2	c2_q1_p99_us	1378.576
val	P	2	c2_q2_p50_us	267.352
val	P	2	c4_q1_p50_us	178.155
val	P	2	c4_q1_p99_us	3141.4680000000003
val	P	2	c4_q2_p50_us	398.168
val	P	2	c4_q2_p99_us	3693.444
val	P	2	commits_per_s	49.31411013759605
val	P	2	pss_growth_bytes_per_key_read	-2311.7727717923603
val	P	2	pss_mib	43.2919921875
val	P	2	q1_p50_us	144.12
val	P	2	q1_p99_us	589.55
val	P	2	q2_p50_us	198.315
val	P	2	q3_p50_us	190.865
val	P	2	q4_p50_us	250.39000000000001
val	P	2	q5_p50_us	233.28
val	P	2	q6_p50_us	727.491
val	P	2	read_deadlock_retries	0
val	P	2	write_p50_us	18902.398
val	P	2	write_p99_us	31432.765000000003
val	M	2	c2_q1_p50_us	118.49900000000001
val	M	2	c2_q1_p99_us	1277.599
val	M	2	c2_q2_p50_us	178.518
val	M	2	c4_q1_p50_us	119.666
val	M	2	c4_q1_p99_us	2879.688
val	M	2	c4_q2_p50_us	197.233
val	M	2	c4_q2_p99_us	3163.2639999999997
val	M	2	commits_per_s	48.11174915977341
val	M	2	pss_growth_bytes_per_key_read	-2212.4818805093046
val	M	2	pss_mib	43.494140625
val	M	2	q1_p50_us	164.051
val	M	2	q1_p99_us	1218.5220000000002
val	M	2	q2_p50_us	232.838
val	M	2	q3_p50_us	214.519
val	M	2	q4_p50_us	318
val	M	2	q5_p50_us	179.13
val	M	2	q6_p50_us	993.0880000000001
val	M	2	read_deadlock_retries	0
val	M	2	write_p50_us	19441.950999999997
val	M	2	write_p99_us	28607.972999999998
val	H1	2	c2_q1_p50_us	870.6919999999999
val	H1	2	c2_q1_p99_us	2362.8439999999996
val	H1	2	c2_q2_p50_us	967.655
val	H1	2	c4_q1_p50_us	963.742
val	H1	2	c4_q1_p99_us	2603.6330000000003
val	H1	2	c4_q2_p50_us	921.5799999999999
val	H1	2	c4_q2_p99_us	4782.243
val	H1	2	commits_per_s	585.69750129732
val	H1	2	inexactness_rate	0
val	H1	2	pss_growth_bytes_per_key_read	30668.85014691479
val	H1	2	pss_mib	282.8095703125
val	H1	2	q1_p50_us	659.343
val	H1	2	q1_p99_us	2058.29
val	H1	2	q2_p50_us	621.855
val	H1	2	q3_p50_us	712.775
val	H1	2	q4_p50_us	3460.95
val	H1	2	q5_p50_us	4077.369
val	H1	2	q6_p50_us	1558.5410000000002
val	H1	2	read_deadlock_retries	0
val	H1	2	stale_lag_epochs_max	0
val	H1	2	stale_read_share	0
val	H1	2	write_p50_us	1590.227
val	H1	2	write_p99_us	4425.01
val	H3	3	c2_q1_p50_us	287.202
val	H3	3	c2_q1_p99_us	992.9279999999999
val	H3	3	c2_q2_p50_us	322.678
val	H3	3	c4_q1_p50_us	520.314
val	H3	3	c4_q1_p99_us	1802.359
val	H3	3	c4_q2_p50_us	561.688
val	H3	3	c4_q2_p99_us	2641.516
val	H3	3	commits_per_s	402.1136622117767
val	H3	3	pss_growth_bytes_per_key_read	13596.391425908667
val	H3	3	pss_mib	67.115234375
val	H3	3	q1_p50_us	346.37399999999997
val	H3	3	q1_p99_us	985.6129999999999
val	H3	3	q2_p50_us	344.23
val	H3	3	q3_p50_us	391.021
val	H3	3	q4_p50_us	2228.891
val	H3	3	q5_p50_us	2513.375
val	H3	3	q6_p50_us	8555.469
val	H3	3	read_deadlock_retries	0
val	H3	3	write_p50_us	1513.174
val	H3	3	write_p99_us	18889.532
val	T	3	c2_q1_p50_us	1827.687
val	T	3	c2_q1_p99_us	4493.82
val	T	3	c2_q2_p50_us	2002.1930000000002
val	T	3	c4_q1_p50_us	2085.319
val	T	3	c4_q1_p99_us	5865.571
val	T	3	c4_q2_p50_us	2303.6839999999997
val	T	3	c4_q2_p99_us	8812.176
val	T	3	commits_per_s	740.0369655864678
val	T	3	inexactness_rate	0
val	T	3	pss_growth_bytes_per_key_read	-3416.514445479963
val	T	3	pss_mib	2526.080078125
val	T	3	q1_p50_us	1341.615
val	T	3	q1_p99_us	6908.419
val	T	3	q2_p50_us	1388.4080000000001
val	T	3	read_deadlock_retries	0
val	T	3	stale_lag_epochs_max	0
val	T	3	stale_read_share	0
val	T	3	write_p50_us	1225.537
val	T	3	write_p99_us	2641.415
val	N	3	c2_q1_p50_us	142.978
val	N	3	c2_q1_p99_us	2370.774
val	N	3	c2_q2_p50_us	9800.792
val	N	3	c4_q1_p50_us	211.96699999999998
val	N	3	c4_q1_p99_us	7739.513
val	N	3	c4_q2_p50_us	17835.232
val	N	3	c4_q2_p99_us	35691.081
val	N	3	commits_per_s	1773.6786094359702
val	N	3	pss_growth_bytes_per_key_read	16819.1761416589
val	N	3	pss_mib	22.642578125
val	N	3	q1_p50_us	183.93
val	N	3	q1_p99_us	1394.8529999999998
val	N	3	q2_p50_us	9670.955
val	N	3	q5_p50_us	1434.8500000000001
val	N	3	q6_p50_us	4210.854
val	N	3	read_deadlock_retries	0
val	N	3	write_p50_us	561.567
val	N	3	write_p99_us	924.3399999999999
val	P+	3	c2_q1_p50_us	997.4549999999999
val	P+	3	c2_q1_p99_us	6489.099
val	P+	3	c2_q2_p50_us	786.336
val	P+	3	c4_q1_p50_us	1884.1000000000001
val	P+	3	c4_q1_p99_us	1002710.991
val	P+	3	c4_q2_p50_us	1687.105
val	P+	3	c4_q2_p99_us	12212.783
val	P+	3	commits_per_s	844.1226986366322
val	P+	3	pss_growth_bytes_per_key_read	-2213.0997204100654
val	P+	3	pss_mib	43.2763671875
val	P+	3	q1_p50_us	732.384
val	P+	3	q1_p99_us	2324.096
val	P+	3	q2_p50_us	501.61
val	P+	3	q3_p50_us	310.887
val	P+	3	q4_p50_us	2185.536
val	P+	3	q5_p50_us	1842.769
val	P+	3	q6_p50_us	4558.353999999999
val	P+	3	read_deadlock_retries	1
val	P+	3	write_p50_us	1010.15
val	P+	3	write_p99_us	3348.884
val	P	3	c2_q1_p50_us	189.385
val	P	3	c2_q1_p99_us	1416.0539999999999
val	P	3	c2_q2_p50_us	318.655
val	P	3	c4_q1_p50_us	159.778
val	P	3	c4_q1_p99_us	3055.781
val	P	3	c4_q2_p50_us	304.89
val	P	3	c4_q2_p99_us	3866.4289999999996
val	P	3	commits_per_s	49.56011507402767
val	P	3	pss_growth_bytes_per_key_read	-2182.5610438024232
val	P	3	pss_mib	43.3095703125
val	P	3	q1_p50_us	131.80599999999998
val	P	3	q1_p99_us	1580.984
val	P	3	q2_p50_us	195.594
val	P	3	q3_p50_us	253.876
val	P	3	q4_p50_us	294.266
val	P	3	q5_p50_us	228.928
val	P	3	q6_p50_us	1012.0269999999999
val	P	3	read_deadlock_retries	0
val	P	3	write_p50_us	19084.882
val	P	3	write_p99_us	27582.831
val	M	3	c2_q1_p50_us	129.86
val	M	3	c2_q1_p99_us	2054.194
val	M	3	c2_q2_p50_us	196.95
val	M	3	c4_q1_p50_us	170.334
val	M	3	c4_q1_p99_us	2465.3129999999996
val	M	3	c4_q2_p50_us	350.754
val	M	3	c4_q2_p99_us	2701.462
val	M	3	commits_per_s	47.77036183249744
val	M	3	pss_growth_bytes_per_key_read	-2074.721342031687
val	M	3	pss_mib	43.525390625
val	M	3	q1_p50_us	72.60000000000001
val	M	3	q1_p99_us	356.308
val	M	3	q2_p50_us	136.08599999999998
val	M	3	q3_p50_us	197.967
val	M	3	q4_p50_us	257.21000000000004
val	M	3	q5_p50_us	109.855
val	M	3	q6_p50_us	848.459
val	M	3	read_deadlock_retries	0
val	M	3	write_p50_us	18506.636
val	M	3	write_p99_us	34826.835
val	H1	3	c2_q1_p50_us	975.436
val	H1	3	c2_q1_p99_us	3461.692
val	H1	3	c2_q2_p50_us	907.2270000000001
val	H1	3	c4_q1_p50_us	664.521
val	H1	3	c4_q1_p99_us	1754.568
val	H1	3	c4_q2_p50_us	722.04
val	H1	3	c4_q2_p99_us	2443.987
val	H1	3	commits_per_s	515.217064813534
val	H1	3	inexactness_rate	0
val	H1	3	pss_growth_bytes_per_key_read	27886.583410997206
val	H1	3	pss_mib	281.4833984375
val	H1	3	q1_p50_us	887.2370000000001
val	H1	3	q1_p99_us	2364.348
val	H1	3	q2_p50_us	847.946
val	H1	3	q3_p50_us	904.244
val	H1	3	q4_p50_us	3939.651
val	H1	3	q5_p50_us	5993.262
val	H1	3	q6_p50_us	1840.998
val	H1	3	read_deadlock_retries	0
val	H1	3	stale_lag_epochs_max	1
val	H1	3	stale_read_share	0.001851851851851852
val	H1	3	write_p50_us	1629.7250000000001
val	H1	3	write_p99_us	5057.142
val	H2	3	c2_q1_p50_us	264.102
val	H2	3	c2_q1_p99_us	2489.563
val	H2	3	c2_q2_p50_us	417.25300000000004
val	H2	3	c4_q1_p50_us	175.961
val	H2	3	c4_q1_p99_us	2638.663
val	H2	3	c4_q2_p50_us	322.698
val	H2	3	c4_q2_p99_us	2399.1960000000004
val	H2	3	commits_per_s	437.6944662835747
val	H2	3	pss_growth_bytes_per_key_read	-2326.665424044734
val	H2	3	pss_mib	43.375
val	H2	3	q1_p50_us	155.061
val	H2	3	q1_p99_us	429.858
val	H2	3	q2_p50_us	280.487
val	H2	3	q3_p50_us	266.785
val	H2	3	q4_p50_us	370.427
val	H2	3	q5_p50_us	265.78499999999997
val	H2	3	q6_p50_us	686.847
val	H2	3	read_deadlock_retries	0
val	H2	3	write_p50_us	1878.324
val	H2	3	write_p99_us	7116.660000000001
val	T	4	c2_q1_p50_us	2087.755
val	T	4	c2_q1_p99_us	4692.38
val	T	4	c2_q2_p50_us	2072.572
val	T	4	c4_q1_p50_us	2072.369
val	T	4	c4_q1_p99_us	4659.822
val	T	4	c4_q2_p50_us	2208.787
val	T	4	c4_q2_p99_us	4465.62
val	T	4	commits_per_s	598.5431758371711
val	T	4	inexactness_rate	0
val	T	4	pss_growth_bytes_per_key_read	-3270.1935483870966
val	T	4	pss_mib	2526.095703125
val	T	4	q1_p50_us	1448.0829999999999
val	T	4	q1_p99_us	4033.3160000000003
val	T	4	q2_p50_us	1537.813
val	T	4	read_deadlock_retries	0
val	T	4	stale_lag_epochs_max	0
val	T	4	stale_read_share	0
val	T	4	write_p50_us	1450.514
val	T	4	write_p99_us	3440.322
val	N	4	c2_q1_p50_us	129.885
val	N	4	c2_q1_p99_us	3718.998
val	N	4	c2_q2_p50_us	11038.255000000001
val	N	4	c4_q1_p50_us	168.282
val	N	4	c4_q1_p99_us	8788.755000000001
val	N	4	c4_q2_p50_us	18522.386
val	N	4	c4_q2_p99_us	39877.518000000004
val	N	4	commits_per_s	1272.155461977213
val	N	4	pss_growth_bytes_per_key_read	16215.168458781362
val	N	4	pss_mib	22.689453125
val	N	4	q1_p50_us	179.846
val	N	4	q1_p99_us	1861.814
val	N	4	q2_p50_us	9275.053
val	N	4	q5_p50_us	1585.332
val	N	4	q6_p50_us	4014.691
val	N	4	read_deadlock_retries	0
val	N	4	write_p50_us	644.1650000000001
val	N	4	write_p99_us	1829.4299999999998
val	P+	4	c2_q1_p50_us	1011.829
val	P+	4	c2_q1_p99_us	8444.616
val	P+	4	c2_q2_p50_us	841.609
val	P+	4	c4_q1_p50_us	2203.737
val	P+	4	c4_q1_p99_us	2003970.813
val	P+	4	c4_q2_p50_us	1871.354
val	P+	4	c4_q2_p99_us	2002747.63
val	P+	4	commits_per_s	836.4960552100781
val	P+	4	pss_growth_bytes_per_key_read	-2106.7240143369177
val	P+	4	pss_mib	43.298828125
val	P+	4	q1_p50_us	675.51
val	P+	4	q1_p99_us	2866.5460000000003
val	P+	4	q2_p50_us	509.14500000000004
val	P+	4	q3_p50_us	288.86899999999997
val	P+	4	q4_p50_us	1669.3490000000002
val	P+	4	q5_p50_us	2693.978
val	P+	4	q6_p50_us	4722.396000000001
val	P+	4	read_deadlock_retries	2
val	P+	4	write_p50_us	1157.532
val	P+	4	write_p99_us	2921.878
val	P	4	c2_q1_p50_us	148.08399999999997
val	P	4	c2_q1_p99_us	3353.531
val	P	4	c2_q2_p50_us	225.408
val	P	4	c4_q1_p50_us	187.926
val	P	4	c4_q1_p99_us	2543.75
val	P	4	c4_q2_p50_us	329.646
val	P	4	c4_q2_p99_us	2947.518
val	P	4	commits_per_s	47.6863209828353
val	P	4	pss_growth_bytes_per_key_read	-2080.114695340502
val	P	4	pss_mib	43.3291015625
val	P	4	q1_p50_us	118.67999999999999
val	P	4	q1_p99_us	430.403
val	P	4	q2_p50_us	219.128
val	P	4	q3_p50_us	333.734
val	P	4	q4_p50_us	293.543
val	P	4	q5_p50_us	157.78900000000002
val	P	4	q6_p50_us	873.547
val	P	4	read_deadlock_retries	0
val	P	4	write_p50_us	19078.281
val	P	4	write_p99_us	34223.309
val	M	4	c2_q1_p50_us	89.069
val	M	4	c2_q1_p99_us	2059.501
val	M	4	c2_q2_p50_us	172.559
val	M	4	c4_q1_p50_us	277.256
val	M	4	c4_q1_p99_us	2810.511
val	M	4	c4_q2_p50_us	325.005
val	M	4	c4_q2_p99_us	5487.126
val	M	4	commits_per_s	49.09647258267265
val	M	4	pss_growth_bytes_per_key_read	-2012.215053763441
val	M	4	pss_mib	43.5068359375
val	M	4	q1_p50_us	143.943
val	M	4	q1_p99_us	1064.1750000000002
val	M	4	q2_p50_us	217.62300000000002
val	M	4	q3_p50_us	822.993
val	M	4	q4_p50_us	232.087
val	M	4	q5_p50_us	178.623
val	M	4	q6_p50_us	904.126
val	M	4	read_deadlock_retries	0
val	M	4	write_p50_us	19378.638
val	M	4	write_p99_us	24559.948
val	H1	4	c2_q1_p50_us	1014.5110000000001
val	H1	4	c2_q1_p99_us	2567.8329999999996
val	H1	4	c2_q2_p50_us	860.639
val	H1	4	c4_q1_p50_us	806.019
val	H1	4	c4_q1_p99_us	4791.338
val	H1	4	c4_q2_p50_us	880.476
val	H1	4	c4_q2_p99_us	13747.18
val	H1	4	commits_per_s	481.8326795064637
val	H1	4	inexactness_rate	0
val	H1	4	pss_growth_bytes_per_key_read	30207.082437275985
val	H1	4	pss_mib	285.0966796875
val	H1	4	q1_p50_us	980.8729999999999
val	H1	4	q1_p99_us	2639.8540000000003
val	H1	4	q2_p50_us	902.933
val	H1	4	q3_p50_us	828.338
val	H1	4	q4_p50_us	3949.419
val	H1	4	q5_p50_us	5334.951999999999
val	H1	4	q6_p50_us	2381.475
val	H1	4	read_deadlock_retries	0
val	H1	4	stale_lag_epochs_max	0
val	H1	4	stale_read_share	0
val	H1	4	write_p50_us	1835.888
val	H1	4	write_p99_us	5679.971
val	H2	4	c2_q1_p50_us	212.036
val	H2	4	c2_q1_p99_us	3770.778
val	H2	4	c2_q2_p50_us	322.766
val	H2	4	c4_q1_p50_us	189.60299999999998
val	H2	4	c4_q1_p99_us	2976.766
val	H2	4	c4_q2_p50_us	341.428
val	H2	4	c4_q2_p99_us	3766.675
val	H2	4	commits_per_s	555.4917202986978
val	H2	4	pss_growth_bytes_per_key_read	-2263.6272401433694
val	H2	4	pss_mib	43.3466796875
val	H2	4	q1_p50_us	112.015
val	H2	4	q1_p99_us	425.80400000000003
val	H2	4	q2_p50_us	202.58700000000002
val	H2	4	q3_p50_us	175.324
val	H2	4	q4_p50_us	252.891
val	H2	4	q5_p50_us	148.84
val	H2	4	q6_p50_us	680.7389999999999
val	H2	4	read_deadlock_retries	0
val	H2	4	write_p50_us	1493.253
val	H2	4	write_p99_us	5458.594
val	H3	4	c2_q1_p50_us	332.161
val	H3	4	c2_q1_p99_us	1230.1770000000001
val	H3	4	c2_q2_p50_us	383.007
val	H3	4	c4_q1_p50_us	504.792
val	H3	4	c4_q1_p99_us	1423.383
val	H3	4	c4_q2_p50_us	444.437
val	H3	4	c4_q2_p99_us	1263.3
val	H3	4	commits_per_s	556.2803734299023
val	H3	4	pss_growth_bytes_per_key_read	13267.956989247312
val	H3	4	pss_mib	67.3232421875
val	H3	4	q1_p50_us	349.451
val	H3	4	q1_p99_us	831.223
val	H3	4	q2_p50_us	379.906
val	H3	4	q3_p50_us	456.462
val	H3	4	q4_p50_us	1841.9840000000002
val	H3	4	q5_p50_us	2989.0170000000003
val	H3	4	q6_p50_us	5535.92
val	H3	4	read_deadlock_retries	0
val	H3	4	write_p50_us	1511.336
val	H3	4	write_p99_us	4591.956999999999
val	N	5	c2_q1_p50_us	179.781
val	N	5	c2_q1_p99_us	579.516
val	N	5	c2_q2_p50_us	11375.883
val	N	5	c4_q1_p50_us	188.281
val	N	5	c4_q1_p99_us	5248.502
val	N	5	c4_q2_p50_us	16647.049
val	N	5	c4_q2_p99_us	38157.753000000004
val	N	5	commits_per_s	1362.825699158544
val	N	5	pss_growth_bytes_per_key_read	20207.650043744532
val	N	5	pss_mib	27.458984375
val	N	5	q1_p50_us	171.184
val	N	5	q1_p99_us	656.8639999999999
val	N	5	q2_p50_us	9534.664
val	N	5	q5_p50_us	2260.676
val	N	5	q6_p50_us	4098.474999999999
val	N	5	read_deadlock_retries	0
val	N	5	write_p50_us	681.693
val	N	5	write_p99_us	2006.609
val	P+	5	c2_q1_p50_us	946.972
val	P+	5	c2_q1_p99_us	11069.666000000001
val	P+	5	c2_q2_p50_us	676.666
val	P+	5	c4_q1_p50_us	1722.637
val	P+	5	c4_q1_p99_us	11217.717999999999
val	P+	5	c4_q2_p50_us	1679.7279999999998
val	P+	5	c4_q2_p99_us	3947.5400000000004
val	P+	5	commits_per_s	706.7639286914776
val	P+	5	pss_growth_bytes_per_key_read	-2046.2082239720035
val	P+	5	pss_mib	43.310546875
val	P+	5	q1_p50_us	806.482
val	P+	5	q1_p99_us	2584.168
val	P+	5	q2_p50_us	623.177
val	P+	5	q3_p50_us	380.55
val	P+	5	q4_p50_us	2175.418
val	P+	5	q5_p50_us	3670.836
val	P+	5	q6_p50_us	5460.617
val	P+	5	read_deadlock_retries	0
val	P+	5	write_p50_us	1286.025
val	P+	5	write_p99_us	3391.4100000000003
val	P	5	c2_q1_p50_us	193.691
val	P	5	c2_q1_p99_us	2221.921
val	P	5	c2_q2_p50_us	356.40200000000004
val	P	5	c4_q1_p50_us	136.083
val	P	5	c4_q1_p99_us	2089.446
val	P	5	c4_q2_p50_us	273.693
val	P	5	c4_q2_p99_us	3366.354
val	P	5	commits_per_s	45.04235214135678
val	P	5	pss_growth_bytes_per_key_read	-2045.3123359580052
val	P	5	pss_mib	43.3134765625
val	P	5	q1_p50_us	135.85999999999999
val	P	5	q1_p99_us	1577.605
val	P	5	q2_p50_us	237.75
val	P	5	q3_p50_us	217.844
val	P	5	q4_p50_us	271.039
val	P	5	q5_p50_us	221.292
val	P	5	q6_p50_us	945.254
val	P	5	read_deadlock_retries	0
val	P	5	write_p50_us	19215.571
val	P	5	write_p99_us	37415.706
val	M	5	c2_q1_p50_us	130.383
val	M	5	c2_q1_p99_us	1805.805
val	M	5	c2_q2_p50_us	212.513
val	M	5	c4_q1_p50_us	224.034
val	M	5	c4_q1_p99_us	1982.4399999999998
val	M	5	c4_q2_p50_us	327.329
val	M	5	c4_q2_p99_us	1691.427
val	M	5	commits_per_s	48.028495921394914
val	M	5	pss_growth_bytes_per_key_read	-1976.32895888014
val	M	5	pss_mib	43.494140625
val	M	5	q1_p50_us	144.564
val	M	5	q1_p99_us	768.4639999999999
val	M	5	q2_p50_us	270.03900000000004
val	M	5	q3_p50_us	205.06199999999998
val	M	5	q4_p50_us	424.272
val	M	5	q5_p50_us	178.661
val	M	5	q6_p50_us	813.6419999999999
val	M	5	read_deadlock_retries	0
val	M	5	write_p50_us	19458.808
val	M	5	write_p99_us	31267.617
val	H1	5	c2_q1_p50_us	850.9989999999999
val	H1	5	c2_q1_p99_us	1903.337
val	H1	5	c2_q2_p50_us	786.047
val	H1	5	c4_q1_p50_us	792.531
val	H1	5	c4_q1_p99_us	4154.231000000001
val	H1	5	c4_q2_p50_us	838.104
val	H1	5	c4_q2_p99_us	3065.795
val	H1	5	commits_per_s	506.1507566485622
val	H1	5	inexactness_rate	0
val	H1	5	pss_growth_bytes_per_key_read	28268.850393700788
val	H1	5	pss_mib	283.76171875
val	H1	5	q1_p50_us	960.013
val	H1	5	q1_p99_us	2366.762
val	H1	5	q2_p50_us	889.672
val	H1	5	q3_p50_us	888.252
val	H1	5	q4_p50_us	3799.6169999999997
val	H1	5	q5_p50_us	512.099
val	H1	5	q6_p50_us	2862.3179999999998
val	H1	5	read_deadlock_retries	0
val	H1	5	stale_lag_epochs_max	0
val	H1	5	stale_read_share	0
val	H1	5	write_p50_us	1669.7820000000002
val	H1	5	write_p99_us	6837.410000000001
val	H2	5	c2_q1_p50_us	219.706
val	H2	5	c2_q1_p99_us	1792.443
val	H2	5	c2_q2_p50_us	338.457
val	H2	5	c4_q1_p50_us	201.51399999999998
val	H2	5	c4_q1_p99_us	6253.469
val	H2	5	c4_q2_p50_us	332.845
val	H2	5	c4_q2_p99_us	6392.793
val	H2	5	commits_per_s	574.9316133219243
val	H2	5	pss_growth_bytes_per_key_read	-2203.8845144356956
val	H2	5	pss_mib	43.353515625
val	H2	5	q1_p50_us	126.23100000000001
val	H2	5	q1_p99_us	513.606
val	H2	5	q2_p50_us	223.678
val	H2	5	q3_p50_us	202.154
val	H2	5	q4_p50_us	246.985
val	H2	5	q5_p50_us	189.45600000000002
val	H2	5	q6_p50_us	1147.691
val	H2	5	read_deadlock_retries	0
val	H2	5	write_p50_us	1490.576
val	H2	5	write_p99_us	5683.562
val	H3	5	c2_q1_p50_us	417.39099999999996
val	H3	5	c2_q1_p99_us	1788.9640000000002
val	H3	5	c2_q2_p50_us	373.204
val	H3	5	c4_q1_p50_us	507.77600000000007
val	H3	5	c4_q1_p99_us	2033.2259999999999
val	H3	5	c4_q2_p50_us	677.5600000000001
val	H3	5	c4_q2_p99_us	2589.3689999999997
val	H3	5	commits_per_s	736.4854912358227
val	H3	5	pss_growth_bytes_per_key_read	12974.25021872266
val	H3	5	pss_mib	67.3447265625
val	H3	5	q1_p50_us	198.752
val	H3	5	q1_p99_us	587.3090000000001
val	H3	5	q2_p50_us	209.944
val	H3	5	q3_p50_us	204.803
val	H3	5	q4_p50_us	1499.501
val	H3	5	q5_p50_us	3542.8819999999996
val	H3	5	q6_p50_us	17178.150999999998
val	H3	5	read_deadlock_retries	0
val	H3	5	write_p50_us	1139.4840000000002
val	H3	5	write_p99_us	3859.967
val	T	5	c2_q1_p50_us	2176.105
val	T	5	c2_q1_p99_us	4643.2699999999995
val	T	5	c2_q2_p50_us	2193.821
val	T	5	c4_q1_p50_us	1810.364
val	T	5	c4_q1_p99_us	8277.502
val	T	5	c4_q2_p50_us	2063.154
val	T	5	c4_q2_p99_us	8426.635
val	T	5	commits_per_s	649.7925715908152
val	T	5	inexactness_rate	0
val	T	5	pss_growth_bytes_per_key_read	-3183.0901137357832
val	T	5	pss_mib	2526.1064453125
val	T	5	q1_p50_us	1434.8029999999999
val	T	5	q1_p99_us	3390.909
val	T	5	q2_p50_us	1492.2169999999999
val	T	5	read_deadlock_retries	0
val	T	5	stale_lag_epochs_max	0
val	T	5	stale_read_share	0
val	T	5	write_p50_us	1403.55
val	T	5	write_p99_us	2677.4030000000002
val	P+	6	c2_q1_p50_us	1125.815
val	P+	6	c2_q1_p99_us	7615.404
val	P+	6	c2_q2_p50_us	858.8470000000001
val	P+	6	c4_q1_p50_us	2012.225
val	P+	6	c4_q1_p99_us	7574.255999999999
val	P+	6	c4_q2_p50_us	1664.386
val	P+	6	c4_q2_p99_us	11433.864
val	P+	6	commits_per_s	951.7641638806546
val	P+	6	pss_growth_bytes_per_key_read	-2012.299319727891
val	P+	6	pss_mib	43.2841796875
val	P+	6	q1_p50_us	558.504
val	P+	6	q1_p99_us	1044.226
val	P+	6	q2_p50_us	451.601
val	P+	6	q3_p50_us	241.73000000000002
val	P+	6	q4_p50_us	1573.787
val	P+	6	q5_p50_us	1896.5500000000002
val	P+	6	q6_p50_us	4106.801
val	P+	6	read_deadlock_retries	0
val	P+	6	write_p50_us	864.662
val	P+	6	write_p99_us	3226.2940000000003
val	P	6	c2_q1_p50_us	143.13
val	P	6	c2_q1_p99_us	2286.848
val	P	6	c2_q2_p50_us	248.58299999999997
val	P	6	c4_q1_p50_us	294.10699999999997
val	P	6	c4_q1_p99_us	2790.846
val	P	6	c4_q2_p50_us	385.908
val	P	6	c4_q2_p99_us	6194.73
val	P	6	commits_per_s	43.68921843977038
val	P	6	pss_growth_bytes_per_key_read	-2043.6462585034014
val	P	6	pss_mib	43.2509765625
val	P	6	q1_p50_us	142.44099999999997
val	P	6	q1_p99_us	451.34999999999997
val	P	6	q2_p50_us	224.889
val	P	6	q3_p50_us	308.479
val	P	6	q4_p50_us	323.775
val	P	6	q5_p50_us	175.113
val	P	6	q6_p50_us	800.8470000000001
val	P	6	read_deadlock_retries	0
val	P	6	write_p50_us	19614.958
val	P	6	write_p99_us	40232.492
val	M	6	c2_q1_p50_us	204.427
val	M	6	c2_q1_p99_us	2435.384
val	M	6	c2_q2_p50_us	381.171
val	M	6	c4_q1_p50_us	253.77
val	M	6	c4_q1_p99_us	2946.819
val	M	6	c4_q2_p50_us	511.015
val	M	6	c4_q2_p99_us	3765.567
val	M	6	commits_per_s	47.62425737263092
val	M	6	pss_growth_bytes_per_key_read	-1921.7414965986395
val	M	6	pss_mib	43.4931640625
val	M	6	q1_p50_us	144.1
val	M	6	q1_p99_us	1769.723
val	M	6	q2_p50_us	267.577
val	M	6	q3_p50_us	346.542
val	M	6	q4_p50_us	309.244
val	M	6	q5_p50_us	206.579
val	M	6	q6_p50_us	608.659
val	M	6	read_deadlock_retries	0
val	M	6	write_p50_us	20192.120000000003
val	M	6	write_p99_us	29656.269
val	H1	6	c2_q1_p50_us	797.727
val	H1	6	c2_q1_p99_us	2953.823
val	H1	6	c2_q2_p50_us	775.349
val	H1	6	c4_q1_p50_us	784.147
val	H1	6	c4_q1_p99_us	3540.9809999999998
val	H1	6	c4_q2_p50_us	764.3199999999999
val	H1	6	c4_q2_p99_us	3018.5519999999997
val	H1	6	commits_per_s	360.7405353858507
val	H1	6	inexactness_rate	0
val	H1	6	pss_growth_bytes_per_key_read	32265.57823129252
val	H1	6	pss_mib	289.1337890625
val	H1	6	q1_p50_us	670.9920000000001
val	H1	6	q1_p99_us	1670.171
val	H1	6	q2_p50_us	678.923
val	H1	6	q3_p50_us	771.578
val	H1	6	q4_p50_us	3262.667
val	H1	6	q5_p50_us	3996.7839999999997
val	H1	6	q6_p50_us	1635.212
val	H1	6	read_deadlock_retries	0
val	H1	6	stale_lag_epochs_max	0
val	H1	6	stale_read_share	0
val	H1	6	write_p50_us	1522.346
val	H1	6	write_p99_us	21592.979000000003
val	H2	6	c2_q1_p50_us	161.499
val	H2	6	c2_q1_p99_us	2737.69
val	H2	6	c2_q2_p50_us	271.31600000000003
val	H2	6	c4_q1_p50_us	244.54099999999997
val	H2	6	c4_q1_p99_us	1895.9879999999998
val	H2	6	c4_q2_p50_us	378.308
val	H2	6	c4_q2_p99_us	4344.155
val	H2	6	commits_per_s	524.7016002323169
val	H2	6	pss_growth_bytes_per_key_read	-2141.170068027211
val	H2	6	pss_mib	43.3544921875
val	H2	6	q1_p50_us	143.471
val	H2	6	q1_p99_us	761.0540000000001
val	H2	6	q2_p50_us	236.766
val	H2	6	q3_p50_us	234.828
val	H2	6	q4_p50_us	252.65900000000002
val	H2	6	q5_p50_us	188.821
val	H2	6	q6_p50_us	744.973
val	H2	6	read_deadlock_retries	0
val	H2	6	write_p50_us	1587.981
val	H2	6	write_p99_us	5575.943
val	H3	6	c2_q1_p50_us	393.286
val	H3	6	c2_q1_p99_us	1647.449
val	H3	6	c2_q2_p50_us	413.79999999999995
val	H3	6	c4_q1_p50_us	583.0880000000001
val	H3	6	c4_q1_p99_us	1780.1760000000002
val	H3	6	c4_q2_p50_us	636.8539999999999
val	H3	6	c4_q2_p99_us	1741.3809999999999
val	H3	6	commits_per_s	573.6423227110358
val	H3	6	pss_growth_bytes_per_key_read	12499.591836734693
val	H3	6	pss_mib	67.220703125
val	H3	6	q1_p50_us	345.469
val	H3	6	q1_p99_us	1073.9560000000001
val	H3	6	q2_p50_us	414.10999999999996
val	H3	6	q3_p50_us	381.886
val	H3	6	q4_p50_us	2058.938
val	H3	6	q5_p50_us	3321.5609999999997
val	H3	6	q6_p50_us	5620.7660000000005
val	H3	6	read_deadlock_retries	0
val	H3	6	write_p50_us	1588.3609999999999
val	H3	6	write_p99_us	4660.255
val	T	6	c2_q1_p50_us	1749.605
val	T	6	c2_q1_p99_us	3346.778
val	T	6	c2_q2_p50_us	1818.595
val	T	6	c4_q1_p50_us	2176.5460000000003
val	T	6	c4_q1_p99_us	7914.6089999999995
val	T	6	c4_q2_p50_us	2170.996
val	T	6	c4_q2_p99_us	9479.662
val	T	6	commits_per_s	794.6871666287335
val	T	6	inexactness_rate	0
val	T	6	pss_growth_bytes_per_key_read	-3090.285714285714
val	T	6	pss_mib	2526.1103515625
val	T	6	q1_p50_us	1199.733
val	T	6	q1_p99_us	2811.7490000000003
val	T	6	q2_p50_us	1337.9360000000001
val	T	6	read_deadlock_retries	0
val	T	6	stale_lag_epochs_max	0
val	T	6	stale_read_share	0
val	T	6	write_p50_us	1225.047
val	T	6	write_p99_us	1858.839
val	N	6	c2_q1_p50_us	167.458
val	N	6	c2_q1_p99_us	1872.11
val	N	6	c2_q2_p50_us	10493.471000000001
val	N	6	c4_q1_p50_us	159.431
val	N	6	c4_q1_p99_us	5332.696
val	N	6	c4_q2_p50_us	17752.113
val	N	6	c4_q2_p99_us	54826.068999999996
val	N	6	commits_per_s	1475.7452052115943
val	N	6	pss_growth_bytes_per_key_read	20170.01360544218
val	N	6	pss_mib	28.052734375
val	N	6	q1_p50_us	169.868
val	N	6	q1_p99_us	677.181
val	N	6	q2_p50_us	10384.131
val	N	6	q5_p50_us	1608.514
val	N	6	q6_p50_us	4524.159
val	N	6	read_deadlock_retries	0
val	N	6	write_p50_us	557.461
val	N	6	write_p99_us	1874.719
val	P	7	c2_q1_p50_us	190.413
val	P	7	c2_q1_p99_us	3113.486
val	P	7	c2_q2_p50_us	388.733
val	P	7	c4_q1_p50_us	320.782
val	P	7	c4_q1_p99_us	2393.6059999999998
val	P	7	c4_q2_p50_us	445.444
val	P	7	c4_q2_p99_us	2869.7839999999997
val	P	7	commits_per_s	47.30745783646537
val	P	7	pss_growth_bytes_per_key_read	-1489.5320566194837
val	P	7	pss_mib	43.8369140625
val	P	7	q1_p50_us	143.165
val	P	7	q1_p99_us	1038.18
val	P	7	q2_p50_us	257.65500000000003
val	P	7	q3_p50_us	314.267
val	P	7	q4_p50_us	270.222
val	P	7	q5_p50_us	244.52399999999997
val	P	7	q6_p50_us	941.1320000000001
val	P	7	read_deadlock_retries	0
val	P	7	write_p50_us	19135.863
val	P	7	write_p99_us	33037.294
val	M	7	c2_q1_p50_us	126.319
val	M	7	c2_q1_p99_us	992.0809999999999
val	M	7	c2_q2_p50_us	221.036
val	M	7	c4_q1_p50_us	350.712
val	M	7	c4_q1_p99_us	2578.733
val	M	7	c4_q2_p50_us	440.646
val	M	7	c4_q2_p99_us	2319.336
val	M	7	commits_per_s	46.48720223360593
val	M	7	pss_growth_bytes_per_key_read	-1887.706910907577
val	M	7	pss_mib	43.486328125
val	M	7	q1_p50_us	147.155
val	M	7	q1_p99_us	1486.309
val	M	7	q2_p50_us	259.356
val	M	7	q3_p50_us	350.36
val	M	7	q4_p50_us	298.239
val	M	7	q5_p50_us	200.91400000000002
val	M	7	q6_p50_us	790.318
val	M	7	read_deadlock_retries	0
val	M	7	write_p50_us	19766.104
val	M	7	write_p99_us	32699.538
val	H1	7	c2_q1_p50_us	907.052
val	H1	7	c2_q1_p99_us	6859.548
val	H1	7	c2_q2_p50_us	795.552
val	H1	7	c4_q1_p50_us	813.885
val	H1	7	c4_q1_p99_us	2773.9930000000004
val	H1	7	c4_q2_p50_us	857.605
val	H1	7	c4_q2_p99_us	3120.19
val	H1	7	commits_per_s	474.7953804023791
val	H1	7	inexactness_rate	0
val	H1	7	pss_growth_bytes_per_key_read	33545.592006661114
val	H1	7	pss_mib	291.369140625
val	H1	7	q1_p50_us	1112.52
val	H1	7	q1_p99_us	3822.007
val	H1	7	q2_p50_us	978.161
val	H1	7	q3_p50_us	1094.314
val	H1	7	q4_p50_us	4196.738
val	H1	7	q5_p50_us	758.906
val	H1	7	q6_p50_us	1935.15
val	H1	7	read_deadlock_retries	0
val	H1	7	stale_lag_epochs_max	0
val	H1	7	stale_read_share	0
val	H1	7	write_p50_us	1913.1860000000001
val	H1	7	write_p99_us	4780.442999999999
val	H2	7	c2_q1_p50_us	65.24199999999999
val	H2	7	c2_q1_p99_us	1801.6950000000002
val	H2	7	c2_q2_p50_us	141.106
val	H2	7	c4_q1_p50_us	208.52800000000002
val	H2	7	c4_q1_p99_us	1877.8600000000001
val	H2	7	c4_q2_p50_us	378.318
val	H2	7	c4_q2_p99_us	3605.455
val	H2	7	commits_per_s	607.8001669748618
val	H2	7	pss_growth_bytes_per_key_read	-2104.2731057452124
val	H2	7	pss_mib	43.345703125
val	H2	7	q1_p50_us	125.02999999999999
val	H2	7	q1_p99_us	1273.359
val	H2	7	q2_p50_us	184.933
val	H2	7	q3_p50_us	245.84599999999998
val	H2	7	q4_p50_us	250.25699999999998
val	H2	7	q5_p50_us	151.896
val	H2	7	q6_p50_us	606.782
val	H2	7	read_deadlock_retries	0
val	H2	7	write_p50_us	1277.666
val	H2	7	write_p99_us	5259.994
val	H3	7	c2_q1_p50_us	355.555
val	H3	7	c2_q1_p99_us	1120.96
val	H3	7	c2_q2_p50_us	348.754
val	H3	7	c4_q1_p50_us	568.8069999999999
val	H3	7	c4_q1_p99_us	4366.806
val	H3	7	c4_q2_p50_us	684.363
val	H3	7	c4_q2_p99_us	9526.499000000002
val	H3	7	commits_per_s	515.1231927417906
val	H3	7	pss_growth_bytes_per_key_read	12270.094920899252
val	H3	7	pss_mib	67.255859375
val	H3	7	q1_p50_us	345.752
val	H3	7	q1_p99_us	967.02
val	H3	7	q2_p50_us	391.429
val	H3	7	q3_p50_us	271.167
val	H3	7	q4_p50_us	2041.134
val	H3	7	q5_p50_us	3758.3500000000004
val	H3	7	q6_p50_us	6922.047
val	H3	7	read_deadlock_retries	0
val	H3	7	write_p50_us	1434.75
val	H3	7	write_p99_us	6376.267
val	T	7	c2_q1_p50_us	2119.9069999999997
val	T	7	c2_q1_p99_us	3967.989
val	T	7	c2_q2_p50_us	1986.674
val	T	7	c4_q1_p50_us	2295.719
val	T	7	c4_q1_p99_us	4462.408
val	T	7	c4_q2_p50_us	2401.374
val	T	7	c4_q2_p99_us	4672.9800000000005
val	T	7	commits_per_s	672.5661252722338
val	T	7	inexactness_rate	0
val	T	7	pss_growth_bytes_per_key_read	-3008.9059117402167
val	T	7	pss_mib	2526.1298828125
val	T	7	q1_p50_us	1415.022
val	T	7	q1_p99_us	3926.506
val	T	7	q2_p50_us	1293.295
val	T	7	read_deadlock_retries	0
val	T	7	stale_lag_epochs_max	0
val	T	7	stale_read_share	0
val	T	7	write_p50_us	1428.924
val	T	7	write_p99_us	2566.423
val	N	7	c2_q1_p50_us	182.65
val	N	7	c2_q1_p99_us	4145.804999999999
val	N	7	c2_q2_p50_us	11528.34
val	N	7	c4_q1_p50_us	185.539
val	N	7	c4_q1_p99_us	12371.518
val	N	7	c4_q2_p50_us	17934.572
val	N	7	c4_q2_p99_us	85995.38900000001
val	N	7	commits_per_s	1687.1596102762533
val	N	7	pss_growth_bytes_per_key_read	19821.77518734388
val	N	7	pss_mib	28.134765625
val	N	7	q1_p50_us	197.781
val	N	7	q1_p99_us	660.833
val	N	7	q2_p50_us	10442.416
val	N	7	q5_p50_us	2462.0190000000002
val	N	7	q6_p50_us	5212.116
val	N	7	read_deadlock_retries	0
val	N	7	write_p50_us	550.544
val	N	7	write_p99_us	837.025
val	P+	7	c2_q1_p50_us	942.4359999999999
val	P+	7	c2_q1_p99_us	6178.851
val	P+	7	c2_q2_p50_us	805.954
val	P+	7	c4_q1_p50_us	2065.5640000000003
val	P+	7	c4_q1_p99_us	1002686.105
val	P+	7	c4_q2_p50_us	1625.3129999999999
val	P+	7	c4_q2_p99_us	1004717.7000000001
val	P+	7	commits_per_s	755.550053472166
val	P+	7	pss_growth_bytes_per_key_read	-1976.3796835970024
val	P+	7	pss_mib	43.27734375
val	P+	7	q1_p50_us	738.27
val	P+	7	q1_p99_us	3973.066
val	P+	7	q2_p50_us	563.633
val	P+	7	q3_p50_us	300.92600000000004
val	P+	7	q4_p50_us	1822.8719999999998
val	P+	7	q5_p50_us	3994.7610000000004
val	P+	7	q6_p50_us	6237.798
val	P+	7	read_deadlock_retries	1
val	P+	7	write_p50_us	1181.518
val	P+	7	write_p99_us	2763.211
val	M	8	c2_q1_p50_us	183.863
val	M	8	c2_q1_p99_us	2171.406
val	M	8	c2_q2_p50_us	337.834
val	M	8	c4_q1_p50_us	178.613
val	M	8	c4_q1_p99_us	2363.8650000000002
val	M	8	c4_q2_p50_us	271.086
val	M	8	c4_q2_p99_us	3419.527
val	M	8	commits_per_s	49.93126050745644
val	M	8	pss_growth_bytes_per_key_read	-1837.9917965545528
val	M	8	pss_mib	43.51171875
val	M	8	q1_p50_us	125.32099999999998
val	M	8	q1_p99_us	1322.47
val	M	8	q2_p50_us	209.708
val	M	8	q3_p50_us	219.497
val	M	8	q4_p50_us	236.743
val	M	8	q5_p50_us	148.786
val	M	8	q6_p50_us	634.948
val	M	8	read_deadlock_retries	0
val	M	8	write_p50_us	18934.532
val	M	8	write_p99_us	32125.031
val	H1	8	c2_q1_p50_us	768.0029999999999
val	H1	8	c2_q1_p99_us	2379.665
val	H1	8	c2_q2_p50_us	733.955
val	H1	8	c4_q1_p50_us	870.1600000000001
val	H1	8	c4_q1_p99_us	3729.384
val	H1	8	c4_q2_p50_us	935.4300000000001
val	H1	8	c4_q2_p99_us	3301.971
val	H1	8	commits_per_s	526.7616932470178
val	H1	8	inexactness_rate	0
val	H1	8	pss_growth_bytes_per_key_read	34406.90401968827
val	H1	8	pss_mib	292.9462890625
val	H1	8	q1_p50_us	961.5020000000001
val	H1	8	q1_p99_us	2676.047
val	H1	8	q2_p50_us	739.416
val	H1	8	q3_p50_us	716.139
val	H1	8	q4_p50_us	3223.987
val	H1	8	q5_p50_us	46083.116
val	H1	8	q6_p50_us	1702.674
val	H1	8	read_deadlock_retries	0
val	H1	8	stale_lag_epochs_max	0
val	H1	8	stale_read_share	0
val	H1	8	write_p50_us	1655.9350000000002
val	H1	8	write_p99_us	4779.151
val	H2	8	c2_q1_p50_us	156.76899999999998
val	H2	8	c2_q1_p99_us	1995.6739999999998
val	H2	8	c2_q2_p50_us	301.739
val	H2	8	c4_q1_p50_us	202.451
val	H2	8	c4_q1_p99_us	1966.0200000000002
val	H2	8	c4_q2_p50_us	325.312
val	H2	8	c4_q2_p99_us	2255.036
val	H2	8	commits_per_s	646.046853837423
val	H2	8	pss_growth_bytes_per_key_read	-2048.840032813782
val	H2	8	pss_mib	43.3740234375
val	H2	8	q1_p50_us	118.119
val	H2	8	q1_p99_us	439.49
val	H2	8	q2_p50_us	217.212
val	H2	8	q3_p50_us	221.365
val	H2	8	q4_p50_us	222.334
val	H2	8	q5_p50_us	140.97400000000002
val	H2	8	q6_p50_us	710.425
val	H2	8	read_deadlock_retries	0
val	H2	8	write_p50_us	1307.4560000000001
val	H2	8	write_p99_us	5716.4130000000005
val	H3	8	c2_q1_p50_us	386.904
val	H3	8	c2_q1_p99_us	2024.085
val	H3	8	c2_q2_p50_us	487.271
val	H3	8	c4_q1_p50_us	615.151
val	H3	8	c4_q1_p99_us	2055.337
val	H3	8	c4_q2_p50_us	702.4359999999999
val	H3	8	c4_q2_p99_us	1752.9679999999998
val	H3	8	commits_per_s	417.3255628704611
val	H3	8	pss_growth_bytes_per_key_read	12092.272354388844
val	H3	8	pss_mib	67.259765625
val	H3	8	q1_p50_us	319.99699999999996
val	H3	8	q1_p99_us	1047.661
val	H3	8	q2_p50_us	375.379
val	H3	8	q3_p50_us	401.392
val	H3	8	q4_p50_us	2345.22
val	H3	8	q5_p50_us	7005.266
val	H3	8	q6_p50_us	8561.67
val	H3	8	read_deadlock_retries	0
val	H3	8	write_p50_us	1664.923
val	H3	8	write_p99_us	15314.648000000001
val	T	8	c2_q1_p50_us	1831.405
val	T	8	c2_q1_p99_us	8306.963
val	T	8	c2_q2_p50_us	1964.154
val	T	8	c4_q1_p50_us	2033.9099999999999
val	T	8	c4_q1_p99_us	7405.964
val	T	8	c4_q2_p50_us	2121.9030000000002
val	T	8	c4_q2_p99_us	6220.728
val	T	8	commits_per_s	561.5444111014971
val	T	8	inexactness_rate	0
val	T	8	pss_growth_bytes_per_key_read	-2964.475799835931
val	T	8	pss_mib	2526.1298828125
val	T	8	q1_p50_us	1276.81
val	T	8	q1_p99_us	2967.989
val	T	8	q2_p50_us	1452.4920000000002
val	T	8	read_deadlock_retries	0
val	T	8	stale_lag_epochs_max	0
val	T	8	stale_read_share	0
val	T	8	write_p50_us	1253.4250000000002
val	T	8	write_p99_us	7743.835999999999
val	N	8	c2_q1_p50_us	151.341
val	N	8	c2_q1_p99_us	3863.36
val	N	8	c2_q2_p50_us	11146.175
val	N	8	c4_q1_p50_us	208.31300000000002
val	N	8	c4_q1_p99_us	9532.86
val	N	8	c4_q2_p50_us	21557.573
val	N	8	c4_q2_p99_us	56087.165
val	N	8	commits_per_s	1281.9770753013465
val	N	8	pss_growth_bytes_per_key_read	19639.96718621821
val	N	8	pss_mib	28.263671875
val	N	8	q1_p50_us	196.338
val	N	8	q1_p99_us	916.6709999999999
val	N	8	q2_p50_us	9829.678999999998
val	N	8	q5_p50_us	2481.183
val	N	8	q6_p50_us	4056.559
val	N	8	read_deadlock_retries	0
val	N	8	write_p50_us	723.394
val	N	8	write_p99_us	1659.0349999999999
val	P+	8	c2_q1_p50_us	918.655
val	P+	8	c2_q1_p99_us	5697.894
val	P+	8	c2_q2_p50_us	735.11
val	P+	8	c4_q1_p50_us	1902.469
val	P+	8	c4_q1_p99_us	9900.68
val	P+	8	c4_q2_p50_us	1546.819
val	P+	8	c4_q2_p99_us	14653.233
val	P+	8	commits_per_s	692.7284742333236
val	P+	8	pss_growth_bytes_per_key_read	-1932.915504511895
val	P+	8	pss_mib	43.2939453125
val	P+	8	q1_p50_us	738.258
val	P+	8	q1_p99_us	2281.681
val	P+	8	q2_p50_us	592.4780000000001
val	P+	8	q3_p50_us	346.125
val	P+	8	q4_p50_us	1697.7920000000001
val	P+	8	q5_p50_us	6154.68
val	P+	8	q6_p50_us	5402.994000000001
val	P+	8	read_deadlock_retries	0
val	P+	8	write_p50_us	1285.583
val	P+	8	write_p99_us	3167.3399999999997
val	P	8	c2_q1_p50_us	142.06900000000002
val	P	8	c2_q1_p99_us	1844.972
val	P	8	c2_q2_p50_us	247.42600000000002
val	P	8	c4_q1_p50_us	229.48000000000002
val	P	8	c4_q1_p99_us	1772.364
val	P	8	c4_q2_p50_us	420.748
val	P	8	c4_q2_p99_us	3123.93
val	P	8	commits_per_s	48.4127310029194
val	P	8	pss_growth_bytes_per_key_read	-1937.9557013945857
val	P	8	pss_mib	43.2900390625
val	P	8	q1_p50_us	118.455
val	P	8	q1_p99_us	575.716
val	P	8	q2_p50_us	201.39999999999998
val	P	8	q3_p50_us	245.41899999999998
val	P	8	q4_p50_us	240.883
val	P	8	q5_p50_us	131.745
val	P	8	q6_p50_us	902.571
val	P	8	read_deadlock_retries	0
val	P	8	write_p50_us	20388.067
val	P	8	write_p99_us	24872.693000000003
val	H1	9	c2_q1_p50_us	914.992
val	H1	9	c2_q1_p99_us	3247.732
val	H1	9	c2_q2_p50_us	968.774
val	H1	9	c4_q1_p50_us	1238.596
val	H1	9	c4_q1_p99_us	3829.185
val	H1	9	c4_q2_p50_us	1066.7350000000001
val	H1	9	c4_q2_p99_us	4886.159000000001
val	H1	9	commits_per_s	399.62826578716476
val	H1	9	inexactness_rate	0
val	H1	9	pss_growth_bytes_per_key_read	31589.324717285945
val	H1	9	pss_mib	290.2431640625
val	H1	9	q1_p50_us	1236.98
val	H1	9	q1_p99_us	3164.902
val	H1	9	q2_p50_us	1084.561
val	H1	9	q3_p50_us	1149.472
val	H1	9	q4_p50_us	5013.251
val	H1	9	q5_p50_us	52749.959
val	H1	9	q6_p50_us	2435.0930000000003
val	H1	9	read_deadlock_retries	0
val	H1	9	stale_lag_epochs_max	1
val	H1	9	stale_read_share	0.003703703703703704
val	H1	9	write_p50_us	2146.882
val	H1	9	write_p99_us	8964.961000000001
val	H2	9	c2_q1_p50_us	165.13199999999998
val	H2	9	c2_q1_p99_us	1743.183
val	H2	9	c2_q2_p50_us	271.15
val	H2	9	c4_q1_p50_us	278.07800000000003
val	H2	9	c4_q1_p99_us	2675.042
val	H2	9	c4_q2_p50_us	429.15999999999997
val	H2	9	c4_q2_p99_us	4359.54
val	H2	9	commits_per_s	510.25318048461196
val	H2	9	pss_growth_bytes_per_key_read	-1980.1744749596123
val	H2	9	pss_mib	43.41796875
val	H2	9	q1_p50_us	129.761
val	H2	9	q1_p99_us	388.38300000000004
val	H2	9	q2_p50_us	214.223
val	H2	9	q3_p50_us	199.87
val	H2	9	q4_p50_us	332.56699999999995
val	H2	9	q5_p50_us	411.067
val	H2	9	q6_p50_us	732.279
val	H2	9	read_deadlock_retries	0
val	H2	9	write_p50_us	1560.105
val	H2	9	write_p99_us	6716.397
val	H3	9	c2_q1_p50_us	378.24100000000004
val	H3	9	c2_q1_p99_us	2163.8759999999997
val	H3	9	c2_q2_p50_us	477.94599999999997
val	H3	9	c4_q1_p50_us	696.443
val	H3	9	c4_q1_p99_us	2082.457
val	H3	9	c4_q2_p50_us	567.5600000000001
val	H3	9	c4_q2_p99_us	3263.1980000000003
val	H3	9	commits_per_s	403.10667055073384
val	H3	9	pss_growth_bytes_per_key_read	11923.231017770599
val	H3	9	pss_mib	67.279296875
val	H3	9	q1_p50_us	407.31399999999996
val	H3	9	q1_p99_us	1504.413
val	H3	9	q2_p50_us	444.059
val	H3	9	q3_p50_us	356.36400000000003
val	H3	9	q4_p50_us	2055.246
val	H3	9	q5_p50_us	5494.288
val	H3	9	q6_p50_us	5997.189
val	H3	9	read_deadlock_retries	0
val	H3	9	write_p50_us	1672.4850000000001
val	H3	9	write_p99_us	17062.195
val	T	9	c2_q1_p50_us	1823.463
val	T	9	c2_q1_p99_us	4790.226
val	T	9	c2_q2_p50_us	1846.736
val	T	9	c4_q1_p50_us	2446.302
val	T	9	c4_q1_p99_us	7908.076999999999
val	T	9	c4_q2_p50_us	2692.8379999999997
val	T	9	c4_q2_p99_us	8260.785
val	T	9	commits_per_s	710.4248344061873
val	T	9	inexactness_rate	0
val	T	9	pss_growth_bytes_per_key_read	-2899.127625201939
val	T	9	pss_mib	2526.1533203125
val	T	9	q1_p50_us	1450.3039999999999
val	T	9	q1_p99_us	5587.982
val	T	9	q2_p50_us	1318.998
val	T	9	read_deadlock_retries	0
val	T	9	stale_lag_epochs_max	0
val	T	9	stale_read_share	0
val	T	9	write_p50_us	1451.217
val	T	9	write_p99_us	1950.492
val	N	9	c2_q1_p50_us	134.48600000000002
val	N	9	c2_q1_p99_us	4963.178000000001
val	N	9	c2_q2_p50_us	10365.75
val	N	9	c4_q1_p50_us	220.226
val	N	9	c4_q1_p99_us	7296.340999999999
val	N	9	c4_q2_p50_us	17233.790999999997
val	N	9	c4_q2_p99_us	42907.194
val	N	9	commits_per_s	1289.3658711687538
val	N	9	pss_growth_bytes_per_key_read	19341.85460420032
val	N	9	pss_mib	28.267578125
val	N	9	q1_p50_us	215.754
val	N	9	q1_p99_us	451.75100000000003
val	N	9	q2_p50_us	9984.577
val	N	9	q5_p50_us	2811.081
val	N	9	q6_p50_us	5141.15
val	N	9	read_deadlock_retries	0
val	N	9	write_p50_us	626.4019999999999
val	N	9	write_p99_us	2237.913
val	P+	9	c2_q1_p50_us	1343.483
val	P+	9	c2_q1_p99_us	10484.189
val	P+	9	c2_q2_p50_us	1065.772
val	P+	9	c4_q1_p50_us	2144.5769999999998
val	P+	9	c4_q1_p99_us	2005501.2149999999
val	P+	9	c4_q2_p50_us	1970.2500000000002
val	P+	9	c4_q2_p99_us	13963.294
val	P+	9	commits_per_s	724.3532412888011
val	P+	9	pss_growth_bytes_per_key_read	-1824.6720516962844
val	P+	9	pss_mib	43.38671875
val	P+	9	q1_p50_us	883.889
val	P+	9	q1_p99_us	1740.3609999999999
val	P+	9	q2_p50_us	726.004
val	P+	9	q3_p50_us	400.51000000000005
val	P+	9	q4_p50_us	2643.529
val	P+	9	q5_p50_us	7292.996
val	P+	9	q6_p50_us	7799.535
val	P+	9	read_deadlock_retries	2
val	P+	9	write_p50_us	1261.718
val	P+	9	write_p99_us	3291.1839999999997
val	P	9	c2_q1_p50_us	194.109
val	P	9	c2_q1_p99_us	2311.171
val	P	9	c2_q2_p50_us	264.904
val	P	9	c4_q1_p50_us	205.335
val	P	9	c4_q1_p99_us	2239.1569999999997
val	P	9	c4_q2_p50_us	310.84999999999997
val	P	9	c4_q2_p99_us	2361.187
val	P	9	commits_per_s	45.17039982254177
val	P	9	pss_growth_bytes_per_key_read	-1914.8303715670436
val	P	9	pss_mib	43.2822265625
val	P	9	q1_p50_us	154.479
val	P	9	q1_p99_us	538.499
val	P	9	q2_p50_us	222.268
val	P	9	q3_p50_us	260.81
val	P	9	q4_p50_us	316.721
val	P	9	q5_p50_us	394.26
val	P	9	q6_p50_us	1109.0620000000001
val	P	9	read_deadlock_retries	0
val	P	9	write_p50_us	20005.594
val	P	9	write_p99_us	32501.953999999998
val	M	9	c2_q1_p50_us	160.338
val	M	9	c2_q1_p99_us	1974.819
val	M	9	c2_q2_p50_us	234.869
val	M	9	c4_q1_p50_us	259.46500000000003
val	M	9	c4_q1_p99_us	2937.02
val	M	9	c4_q2_p50_us	300.863
val	M	9	c4_q2_p99_us	4732.402999999999
val	M	9	commits_per_s	50.83928077506801
val	M	9	pss_growth_bytes_per_key_read	-1835.4248788368336
val	M	9	pss_mib	43.4814453125
val	M	9	q1_p50_us	109.137
val	M	9	q1_p99_us	396.46000000000004
val	M	9	q2_p50_us	180.176
val	M	9	q3_p50_us	155.82399999999998
val	M	9	q4_p50_us	319.98900000000003
val	M	9	q5_p50_us	475.102
val	M	9	q6_p50_us	1142.745
val	M	9	read_deadlock_retries	0
val	M	9	write_p50_us	18456.622
val	M	9	write_p99_us	31182.93
pooled	H1	c2_q1	877	869.736	2586.7239999999997	6859.548
pooled	H1	c2_q2	323	857.79	3053.937	4999.547
pooled	H1	c4_q1	1605	823.093	3479.368	7668.789
pooled	H1	c4_q2	795	857.872	3301.971	13747.18
pooled	H1	q1	1118	942.1129999999999	3217.291	4415.306
pooled	H1	q2	413	850.052	2402.969	3181.784
pooled	H1	q3	91	904.174	2078.2980000000002	2078.2980000000002
pooled	H1	q4	69	3949.419	14463.646	14463.646
pooled	H1	q5	76	4077.369	5010057.78	5010057.78
pooled	H1	q6	33	1789.479	2862.3179999999998	2862.3179999999998
pooled	H1	write	200	1730.063	7824.664000000001	21592.979000000003
pooled	H2	c2_q1	877	165.071	1805.64	3770.778
pooled	H2	c2_q2	323	277.174	2698.687	3459.339
pooled	H2	c4_q1	1605	227.914	2617.5679999999998	6253.469
pooled	H2	c4_q2	795	357.71700000000004	3605.455	6392.793
pooled	H2	q1	1118	131.673	761.0540000000001	2248.326
pooled	H2	q2	413	223.548	1246.651	10039.375999999998
pooled	H2	q3	91	238.273	2126.366	2126.366
pooled	H2	q4	69	278.447	1707.179	1707.179
pooled	H2	q5	76	164.64600000000002	694.135	694.135
pooled	H2	q6	33	720.0029999999999	1147.691	1147.691
pooled	H2	write	200	1529.185	5716.4130000000005	7116.660000000001
pooled	H3	c2_q1	877	368.161	1338.07	2163.8759999999997
pooled	H3	c2_q2	323	397.28700000000003	1337.6480000000001	2167.505
pooled	H3	c4_q1	1605	569.087	2100.022	5322.750999999999
pooled	H3	c4_q2	795	615.128	2650.227	9526.499000000002
pooled	H3	q1	1118	319.184	1073.9560000000001	2537.1389999999997
pooled	H3	q2	413	354.726	1142.7379999999998	11428.69
pooled	H3	q3	91	376.986	13145.779	13145.779
pooled	H3	q4	69	1850.092	12544.168	12544.168
pooled	H3	q5	76	3542.8819999999996	19396.706	19396.706
pooled	H3	q6	33	5997.189	17178.150999999998	17178.150999999998
pooled	H3	write	200	1502.418	16974.435999999998	18889.532
pooled	M	c2_q1	877	151.423	1904.783	3431.798
pooled	M	c2_q2	323	228.737	2095.464	5682.241
pooled	M	c4_q1	1605	231.795	2762.112	4328.7029999999995
pooled	M	c4_q2	795	348.771	3311.273	5487.126
pooled	M	q1	1118	139.47899999999998	1247.9209999999998	2183.194
pooled	M	q2	413	226.927	1506.032	2347.164
pooled	M	q3	91	239.29999999999998	2944.1839999999997	2944.1839999999997
pooled	M	q4	69	298.239	1765.771	1765.771
pooled	M	q5	76	179.13	2604.613	2604.613
pooled	M	q6	33	851.489	1658.842	1658.842
pooled	M	write	200	19411.172000000002	32125.031	34826.835
pooled	N	c2_q1	877	151.341	1872.11	5288.197
pooled	N	c2_q2	323	10311.284	24570.61	29445.415999999997
pooled	N	c4_q1	1605	182.93800000000002	7749.456	12954.877
pooled	N	c4_q2	795	17365.773	55310.339	85995.38900000001
pooled	N	q1	1118	188.207	893.348	2350.216
pooled	N	q2	413	9721.892	17442.318	18744.325999999997
pooled	N	q5	76	2260.676	5151.443	5151.443
pooled	N	q6	33	4350.858	6089.085	6089.085
pooled	N	write	200	620.687	2006.609	3122.03
pooled	P	c2_q1	877	167.468	1912.668	3353.531
pooled	P	c2_q2	323	276.943	2506.962	6954.942
pooled	P	c4_q1	1605	228.617	2673.805	3825.777
pooled	P	c4_q2	795	366.534	2971.7799999999997	6194.73
pooled	P	q1	1118	141.72	1184.626	4279.367
pooled	P	q2	413	225.243	1153.241	2440.208
pooled	P	q3	91	260.398	933.863	933.863
pooled	P	q4	69	293.326	1626.336	1626.336
pooled	P	q5	76	215.589	1078.8760000000002	1078.8760000000002
pooled	P	q6	33	846.004	2561.953	2561.953
pooled	P	write	200	19439.739	35285.357	40232.492
pooled	P+	c2_q1	877	1015.365	6489.099	11069.666000000001
pooled	P+	c2_q2	323	820.056	2497.319	9112.606
pooled	P+	c4_q1	1605	1995.597	1001565.5640000001	2006482.283
pooled	P+	c4_q2	795	1806.673	12212.783	2002747.63
pooled	P+	q1	1118	732.089	2866.5460000000003	5334.797
pooled	P+	q2	413	566.138	2859.2650000000003	4998.963000000001
pooled	P+	q3	91	343.905	1233.074	1233.074
pooled	P+	q4	69	1809.617	4037.997	4037.997
pooled	P+	q5	76	3506.618	9864.481	9864.481
pooled	P+	q6	33	4931.251	16614.503	16614.503
pooled	P+	write	200	1141.702	3391.4100000000003	4085.021
pooled	T	c2_q1	877	1898.524	4804.9	8306.963
pooled	T	c2_q2	323	1972.9740000000002	5053.590999999999	7287.3189999999995
pooled	T	c4_q1	1605	2167.1910000000003	7586.215	9020.616
pooled	T	c4_q2	795	2274.2690000000002	7666.420999999999	9479.662
pooled	T	q1	1118	1324.539	4872.241	7385.061
pooled	T	q2	413	1344.471	4755.983	7363.884
pooled	T	write	200	1338.4740000000002	3609.429	7743.835999999999
