meta	commit	1ae17cdab0e5788e5883b27b8eadd9802833d7de
meta	worktree	MODIFIED
meta	host	Linux 6.18.44-fc-v37 x86_64
meta	cpus	2
meta	mem_mib	8032
meta	toolchain	cargo 1.95.0 (f2d3ce0bd 2026-03-21)
meta	postgres	postgres (PostgreSQL) 16.13 (Ubuntu 16.13-0ubuntu0.24.04.1)
meta	date	2026-09-28T09:44:36Z
probe	0	N	append only	4	6611	300	0	0		0	0	0	0	0	0	0	
probe	1	N	append only	4	6820	300	0	0		0	0	0	0	0	0	0	
probe	2	N	append only	4	4043	300	0	0		0	0	0	0	0	0	0	
probe	3	N	append only	4	3598	300	0	0		0	0	0	0	0	0	0	
probe	4	N	append only	4	10372	300	0	0		0	0	0	0	0	0	0	
probe	0	N	append + mutate	4	5418	300	100	0	[0A000] `update` and `delete` are not legal against a ledger	0	0	0	0	0	0	0	mutator: [0A000] `update` and `delete` are not legal against a ledger || mutator: [0A000] `update` and `delete` are not legal against a ledger || mutator: [0A000] `update` and `delete` are not legal against a ledger || mutator: [0A000] `update` and `delete` are not legal against a ledger || mutator: [0A000] `update` and `delete` are not legal against a ledger
probe	1	N	append + mutate	4	4474	300	100	0	[0A000] `update` and `delete` are not legal against a ledger	0	0	0	0	0	0	0	mutator: [0A000] `update` and `delete` are not legal against a ledger || mutator: [0A000] `update` and `delete` are not legal against a ledger || mutator: [0A000] `update` and `delete` are not legal against a ledger || mutator: [0A000] `update` and `delete` are not legal against a ledger || mutator: [0A000] `update` and `delete` are not legal against a ledger
probe	2	N	append + mutate	4	5947	300	100	0	[0A000] `update` and `delete` are not legal against a ledger	0	0	0	0	0	0	0	mutator: [0A000] `update` and `delete` are not legal against a ledger || mutator: [0A000] `update` and `delete` are not legal against a ledger || mutator: [0A000] `update` and `delete` are not legal against a ledger || mutator: [0A000] `update` and `delete` are not legal against a ledger || mutator: [0A000] `update` and `delete` are not legal against a ledger
probe	3	N	append + mutate	4	3953	300	100	0	[0A000] `update` and `delete` are not legal against a ledger	0	0	0	0	0	0	0	mutator: [0A000] `update` and `delete` are not legal against a ledger || mutator: [0A000] `update` and `delete` are not legal against a ledger || mutator: [0A000] `update` and `delete` are not legal against a ledger || mutator: [0A000] `update` and `delete` are not legal against a ledger || mutator: [0A000] `update` and `delete` are not legal against a ledger
probe	4	N	append + mutate	4	6499	300	100	0	[0A000] `update` and `delete` are not legal against a ledger	0	0	0	0	0	0	0	mutator: [0A000] `update` and `delete` are not legal against a ledger || mutator: [0A000] `update` and `delete` are not legal against a ledger || mutator: [0A000] `update` and `delete` are not legal against a ledger || mutator: [0A000] `update` and `delete` are not legal against a ledger || mutator: [0A000] `update` and `delete` are not legal against a ledger
probe	0	P+	append only	4	1188	300	0	0		0	1	0	0	14	0	0	reader: [40P01] deadlock detected || reader: [40P01] deadlock detected || reader: [40P01] deadlock detected || reader: [40P01] deadlock detected || reader: [40P01] deadlock detected || skipped delta: key (54, 0) at #65: read -7681056, truth -7588735, d = -92321
probe	1	P+	append only	4	1190	300	0	0		0	2	0	0	10	0	0	reader: [40P01] deadlock detected || appender #53: [40P01] deadlock detected || reader: [40P01] deadlock detected || reader: [40P01] deadlock detected || reader: [40P01] deadlock detected || skipped delta: key (948, 0) at #54: read -25139391, truth -25089850, d = -49541 || skipped delta: key (948, 0) at #55: read -25139391, truth -25089850, d = -49541
probe	2	P+	append only	4	1340	300	0	0		0	0	0	0	14	0	0	reader: [40P01] deadlock detected || reader: [40P01] deadlock detected || reader: [40P01] deadlock detected || appender #53: [40P01] deadlock detected || reader: [40P01] deadlock detected
probe	3	P+	append only	4	1189	300	0	0		0	0	0	0	15	0	0	reader: [40P01] deadlock detected || reader: [40P01] deadlock detected || appender #55: [40P01] deadlock detected || reader: [40P01] deadlock detected || reader: [40P01] deadlock detected
probe	4	P+	append only	4	1225	300	0	0		0	0	0	0	9	0	0	reader: [40P01] deadlock detected || reader: [40P01] deadlock detected || appender #56: [40P01] deadlock detected || reader: [40P01] deadlock detected || reader: [40P01] deadlock detected
probe	0	P+	append + mutate	4	1268	300	100	0	[P0001] postings is append-only (attempted UPDATE)	0	1	0	0	10	0	0	mutator: [P0001] postings is append-only (attempted UPDATE) || mutator: [P0001] postings is append-only (attempted UPDATE) || mutator: [P0001] postings is append-only (attempted UPDATE) || mutator: [P0001] postings is append-only (attempted UPDATE) || mutator: [P0001] postings is append-only (attempted UPDATE) || skipped delta: key (490, 0) at #81: read -3839796, truth -3922261, d = 82465
probe	1	P+	append + mutate	4	1245	300	100	0	[P0001] postings is append-only (attempted UPDATE)	0	1	0	0	11	0	0	mutator: [P0001] postings is append-only (attempted UPDATE) || mutator: [P0001] postings is append-only (attempted UPDATE) || mutator: [P0001] postings is append-only (attempted UPDATE) || mutator: [P0001] postings is append-only (attempted UPDATE) || mutator: [P0001] postings is append-only (attempted UPDATE) || skipped delta: key (199, 0) at #54: read 7697850, truth 7738090, d = -40240
probe	2	P+	append + mutate	4	1228	300	100	0	[P0001] postings is append-only (attempted UPDATE)	0	2	0	0	26	0	0	mutator: [P0001] postings is append-only (attempted UPDATE) || mutator: [P0001] postings is append-only (attempted UPDATE) || mutator: [P0001] postings is append-only (attempted UPDATE) || mutator: [P0001] postings is append-only (attempted UPDATE) || mutator: [P0001] postings is append-only (attempted UPDATE) || skipped delta: key (948, 0) at #59: read -25187245, truth -25176555, d = -10690 || skipped delta: key (390, 0) at #56: read 7257510, truth 7250920, d = 6590
probe	3	P+	append + mutate	4	1154	300	100	0	[P0001] postings is append-only (attempted UPDATE)	0	0	0	0	8	0	0	mutator: [P0001] postings is append-only (attempted UPDATE) || mutator: [P0001] postings is append-only (attempted UPDATE) || mutator: [P0001] postings is append-only (attempted UPDATE) || mutator: [P0001] postings is append-only (attempted UPDATE) || mutator: [P0001] postings is append-only (attempted UPDATE)
probe	4	P+	append + mutate	4	1319	300	100	0	[P0001] postings is append-only (attempted UPDATE)	0	1	0	0	17	0	0	mutator: [P0001] postings is append-only (attempted UPDATE) || mutator: [P0001] postings is append-only (attempted UPDATE) || mutator: [P0001] postings is append-only (attempted UPDATE) || mutator: [P0001] postings is append-only (attempted UPDATE) || mutator: [P0001] postings is append-only (attempted UPDATE) || skipped delta: key (948, 0) at #58: read -25089850, truth -25079160, d = -10690
probe	0	M+	append only	4	1245	300	0	0		0	1	0	0	7	0	0	reader: [40P01] deadlock detected || reader: [40P01] deadlock detected || reader: [40P01] deadlock detected || reader: [40P01] deadlock detected || reader: [40P01] deadlock detected || skipped delta: key (238, 0) at #62: read 6905858, truth 6935929, d = -30071
probe	1	M+	append only	4	1214	300	0	0		0	0	0	0	7	0	0	reader: [40P01] deadlock detected || appender #53: [40P01] deadlock detected || reader: [40P01] deadlock detected || appender #59: [40P01] deadlock detected || reader: [40P01] deadlock detected
probe	2	M+	append only	4	1233	300	0	0		0	1	0	0	5	0	0	reader: [40P01] deadlock detected || reader: [40P01] deadlock detected || appender #59: [40P01] deadlock detected || reader: [40P01] deadlock detected || reader: [40P01] deadlock detected || skipped delta: key (199, 0) at #58: read 7715944, truth 7705254, d = 10690
probe	3	M+	append only	4	1212	300	0	0		0	1	0	0	1	0	0	reader: [40P01] deadlock detected || skipped delta: key (199, 0) at #53: read 7697850, truth 7738090, d = -40240
probe	4	M+	append only	4	1234	300	0	0		0	0	0	0	18	1	0	reader: [40P01] deadlock detected || reader: [40P01] deadlock detected || reader: [40P01] deadlock detected || reader: [40P01] deadlock detected || appender #59: [40P01] deadlock detected || other divergence: key (948, 0) at #72: read -25176555, truth -25054889, d = -121666
probe	0	M+	append + mutate	4	1163	300	100	100		0	1161	0	0	20	2	0	reader: [40P01] deadlock detected || reader: [40P01] deadlock detected || reader: [40P01] deadlock detected || reader: [40P01] deadlock detected || reader: [40P01] deadlock detected || skipped delta: key (238, 0) at #50: read 6975378, truth 8006975378, d = -8000000000 || skipped delta: key (193, 0) at #50: read -4656625, truth 8995343375, d = -9000000000 || skipped delta: key (199, 0) at #50: read 7697850, truth 3007697850, d = -3000000000 || skipped delta: key (208, 0) at #50: read 8475342, truth 1008475342, d = -1000000000 || skipped delta: key (549, 0) at #51: read -9633357, truth 5990366643, d = -6000000000 || skipped delta: key (428, 0) at #52: read -1527390, truth 3998472610, d = -4000000000 || skipped delta: key (948, 0) at #54: read -25089850, truth 5974910150, d = -6000000000
probe	1	M+	append + mutate	4	1183	300	100	100		0	1182	0	0	9	1	0	reader: [40P01] deadlock detected || appender #58: [40P01] deadlock detected || reader: [40P01] deadlock detected || appender #61: [40P01] deadlock detected || reader: [40P01] deadlock detected || skipped delta: key (238, 0) at #50: read 6975378, truth 8006975378, d = -8000000000 || skipped delta: key (193, 0) at #50: read -4656625, truth 8995343375, d = -9000000000 || skipped delta: key (199, 0) at #52: read 7697850, truth 3007697850, d = -3000000000 || skipped delta: key (208, 0) at #52: read 8475342, truth 1008475342, d = -1000000000 || skipped delta: key (549, 0) at #53: read -9633357, truth 5990366643, d = -6000000000 || skipped delta: key (428, 0) at #55: read -1520800, truth 3998479200, d = -4000000000 || skipped delta: key (538, 0) at #56: read -4913922, truth 1995086078, d = -2000000000
probe	2	M+	append + mutate	4	1198	300	100	100		0	1197	0	0	13	1	0	reader: [40P01] deadlock detected || reader: [40P01] deadlock detected || reader: [40P01] deadlock detected || reader: [40P01] deadlock detected || reader: [40P01] deadlock detected || skipped delta: key (538, 0) at #50: read -4913922, truth 1995086078, d = -2000000000 || skipped delta: key (208, 0) at #50: read 8475342, truth 1008475342, d = -1000000000 || skipped delta: key (748, 0) at #50: read 4454218, truth 4004454218, d = -4000000000 || skipped delta: key (428, 0) at #50: read -1527390, truth 3998472610, d = -4000000000 || skipped delta: key (660, 0) at #52: read 8659094, truth 8008659094, d = -8000000000 || skipped delta: key (195, 0) at #52: read -18512443, truth 981487557, d = -1000000000 || skipped delta: key (408, 0) at #54: read -5989048, truth 7994010952, d = -8000000000
probe	3	M+	append + mutate	4	1191	300	100	100		0	1188	0	0	8	3	0	reader: [40P01] deadlock detected || reader: [40P01] deadlock detected || reader: [40P01] deadlock detected || reader: [40P01] deadlock detected || reader: [40P01] deadlock detected || skipped delta: key (199, 0) at #50: read 7697850, truth 3007697850, d = -3000000000 || skipped delta: key (54, 0) at #50: read -7750576, truth 3992249424, d = -4000000000 || skipped delta: key (238, 0) at #54: read 6975378, truth 8006975378, d = -8000000000 || skipped delta: key (390, 0) at #55: read 7250920, truth 3007250920, d = -3000000000 || skipped delta: key (748, 0) at #56: read 4454218, truth 4004454218, d = -4000000000 || skipped delta: key (193, 0) at #59: read -4737855, truth 8995262145, d = -9000000000 || skipped delta: key (199, 0) at #59: read 7705254, truth 3007705254, d = -3000000000
probe	4	M+	append + mutate	4	1281	300	100	100		0	1281	0	0	6	0	0	reader: [40P01] deadlock detected || reader: [40P01] deadlock detected || reader: [40P01] deadlock detected || reader: [40P01] deadlock detected || reader: [40P01] deadlock detected || skipped delta: key (238, 0) at #50: read 6975378, truth 8006975378, d = -8000000000 || skipped delta: key (193, 0) at #50: read -4656625, truth 8995343375, d = -9000000000 || skipped delta: key (199, 0) at #51: read 7697850, truth 3007697850, d = -3000000000 || skipped delta: key (208, 0) at #52: read 8475342, truth 1008475342, d = -1000000000 || skipped delta: key (549, 0) at #53: read -9633357, truth 5990366643, d = -6000000000 || skipped delta: key (428, 0) at #55: read -1520800, truth 3998479200, d = -4000000000 || skipped delta: key (948, 0) at #56: read -25089850, truth 5974910150, d = -6000000000
