workload,target,connections,run,operations,wall_ms,p50_us,p99_us,ops_per_second,durable,fallback_rate,not_run
fold,postgres,1,1,25,203.421,7715.5,11401.9,122.9,false,n/a,
fold,nilestream,1,1,25,142.855,5520.0,7673.6,175.0,false,n/a,
fold,postgres,2,1,50,255.914,8832.7,18575.0,195.4,false,n/a,
fold,nilestream,2,1,50,158.741,6260.7,7775.6,315.0,false,n/a,
fold,postgres,4,1,100,469.046,16873.9,30019.6,213.2,false,n/a,
fold,nilestream,4,1,100,337.596,11811.1,26350.6,296.2,false,n/a,
fold,postgres,8,1,200,936.857,33618.7,89455.6,213.5,false,n/a,
fold,nilestream,8,1,200,709.547,26568.9,48286.4,281.9,false,n/a,
fold,postgres,1,2,25,195.073,7279.5,11396.1,128.2,false,n/a,
fold,nilestream,1,2,25,145.653,5734.1,6699.6,171.6,false,n/a,
fold,postgres,2,2,50,220.458,8516.4,10999.7,226.8,false,n/a,
fold,nilestream,2,2,50,178.244,6411.0,13669.8,280.5,false,n/a,
fold,postgres,4,2,100,428.698,14666.1,32235.9,233.3,false,n/a,
fold,nilestream,4,2,100,343.124,12721.4,26155.5,291.4,false,n/a,
fold,postgres,8,2,200,886.067,30960.9,75466.4,225.7,false,n/a,
fold,nilestream,8,2,200,730.010,27096.1,50824.3,274.0,false,n/a,
fold,postgres,1,3,25,189.469,7422.3,9568.3,131.9,false,n/a,
fold,nilestream,1,3,25,134.999,5353.5,5850.5,185.2,false,n/a,
fold,postgres,2,3,50,255.163,8698.5,15986.0,196.0,false,n/a,
fold,nilestream,2,3,50,173.882,6925.5,8089.1,287.6,false,n/a,
fold,postgres,4,3,100,449.472,16795.3,27511.7,222.5,false,n/a,
fold,nilestream,4,3,100,322.369,12164.0,20574.4,310.2,false,n/a,
fold,postgres,8,3,200,908.916,31394.7,78477.8,220.0,false,n/a,
fold,nilestream,8,3,200,675.580,25861.0,50971.3,296.0,false,n/a,
