target,run,readers,writers,reads,writes,wall_ms,reads_per_second,writes_per_second,read_p50_us,read_p99_us,write_p50_us,write_p99_us,fallback_rate,max_batch,lock_wait_p99_us,base_epochs,duplicates,errors,not_run
nilestream,1,1,1,63460,12363,4000.252,15864.0,3090.6,40.1,454.8,281.8,810.2,0.0000,1,255,22487,0,0,
nilestream,1,2,1,85272,8254,4000.397,21315.9,2063.3,39.0,700.1,386.3,1414.6,0.0000,2,511,18503,0,0,
nilestream,1,4,2,76450,12106,4001.783,19104.0,3025.2,114.5,1230.7,552.8,1879.4,0.0000,4,1023,22605,0,0,
nilestream,1,8,4,71255,14121,4003.411,17798.6,3527.2,248.8,2495.6,957.5,3328.3,0.0000,8,2047,25120,0,0,
nilestream,2,1,1,90541,15050,4000.529,22632.3,3762.0,15.5,393.9,216.9,764.3,0.0000,1,255,25174,0,0,
nilestream,2,2,1,81323,8068,4001.056,20325.4,2016.5,45.8,699.6,396.8,1376.9,0.0000,2,511,18317,0,0,
nilestream,2,4,2,81291,10846,4001.597,20314.6,2710.4,92.7,1269.5,613.2,1986.4,0.0000,4,1023,21345,0,0,
nilestream,2,8,4,71200,12795,4003.048,17786.4,3196.3,247.1,2373.2,1080.2,3683.3,0.0000,8,2047,23794,0,0,
nilestream,3,1,1,76892,13685,4000.462,19220.8,3420.9,18.5,425.4,247.8,825.4,0.0000,1,255,23809,0,0,
nilestream,3,2,1,88012,7969,4000.364,22001.0,1992.1,31.7,708.3,399.7,1473.4,0.0000,1,511,18218,0,0,
nilestream,3,4,2,74442,11662,4002.541,18598.7,2913.6,113.9,1288.8,580.7,1982.7,0.0000,4,1023,22161,0,0,
nilestream,3,8,4,72476,13061,4004.304,18099.5,3261.7,238.4,2317.7,1067.0,3436.5,0.0000,8,2047,24060,0,0,
