surface	relation	rows	sha256	equals the dataset
SQL	accounts	20	2b11b272941df47e3145007b9dbb493107e8a8ca3de9083eb11da947a6d0f8f8	yes
SQL	epochs	200	a88b2e2101f4ef9a80e79e1fd43fe96284d3d2ccf8c0b2565e3ba27d26e9fdff	yes
SQL	holds	6	6cdbf91bdaae2b76c68cd00285147ad741a2b76391fcacc8285e0d32fcd681cd	yes
SQL	parties	12	24845c1c0591f8de0be58e2e7e67e217495308087477ae17b0f63e2a9c45bfaa	yes
SQL	postings	200	496da2ebd1f326a6ddb0adf760b3279e2a87886daeb3a907b366df13a82244db	yes
PRQL	accounts	20	2b11b272941df47e3145007b9dbb493107e8a8ca3de9083eb11da947a6d0f8f8	yes
PRQL	epochs	200	a88b2e2101f4ef9a80e79e1fd43fe96284d3d2ccf8c0b2565e3ba27d26e9fdff	yes
PRQL	holds	6	6cdbf91bdaae2b76c68cd00285147ad741a2b76391fcacc8285e0d32fcd681cd	yes
PRQL	parties	12	24845c1c0591f8de0be58e2e7e67e217495308087477ae17b0f63e2a9c45bfaa	yes
PRQL	postings	200	496da2ebd1f326a6ddb0adf760b3279e2a87886daeb3a907b366df13a82244db	yes
DL	accounts	20	2b11b272941df47e3145007b9dbb493107e8a8ca3de9083eb11da947a6d0f8f8	yes
DL	epochs	200	a88b2e2101f4ef9a80e79e1fd43fe96284d3d2ccf8c0b2565e3ba27d26e9fdff	yes
DL	holds	6	6cdbf91bdaae2b76c68cd00285147ad741a2b76391fcacc8285e0d32fcd681cd	yes
DL	parties	12	24845c1c0591f8de0be58e2e7e67e217495308087477ae17b0f63e2a9c45bfaa	yes
DL	postings	200	496da2ebd1f326a6ddb0adf760b3279e2a87886daeb3a907b366df13a82244db	yes
NL, RS	accounts	20	2b11b272941df47e3145007b9dbb493107e8a8ca3de9083eb11da947a6d0f8f8	yes
NL, RS	holds	6	6cdbf91bdaae2b76c68cd00285147ad741a2b76391fcacc8285e0d32fcd681cd	yes
NL, RS	parties	12	24845c1c0591f8de0be58e2e7e67e217495308087477ae17b0f63e2a9c45bfaa	yes
NL, RS	postings	200	496da2ebd1f326a6ddb0adf760b3279e2a87886daeb3a907b366df13a82244db	yes
NL, RS	epochs			n/a: system time, not a column (A1)
