# Every file under results/, exactly once, with how it is produced.
#
# Enforced by `crates/bank-bench/tests/results_manifest.rs`: a file here that is not on
# disk, or on disk and not here, fails the build. Written because `make reproduce` ends in
# `git diff --exit-code -- results/`, which is silent about every file the recipe does not
# regenerate — 14 of 51 at the time this was written, so the gate passed vacuously for 37.
#
# class:
#   byte-deterministic  same bytes on any host with the pinned toolchain; `make reproduce`
#                       regenerates it and the diff is meaningful
#   toolchain-scoped    same bytes within one toolchain and target; allocation *counts* are
#                       exact across hosts, allocation *bytes* are not.
#                       **`make reproduce` excludes these from its diff, and cycle 10 is when
#                       that started.** This line said the right thing from the day it was
#                       written and the gate ignored it: `git diff --exit-code -- results/`
#                       compared byte columns across hosts and Host C failed on them every
#                       time, with the failure masked by a louder one. What a host must
#                       reproduce exactly now lives in a `byte-deterministic` file beside it
#                       — for E18 that is `E18-counts.csv` — and the byte columns stay here,
#                       labelled with the host that produced them.
#   host-scoped         a fact about the machine that ran the gate, not about this code — the
#                       version of an external client, an OS name. `make reproduce` excludes
#                       these from its diff for the same reason as `toolchain-scoped`, and for
#                       the same price: whatever a host must still reproduce exactly stays in a
#                       `byte-deterministic` file beside it. `wire-protocol-client.md` records
#                       which `psql` drove the transcript; `wire-protocol-session.md` is the
#                       transcript, and it is compared.
#   machine-dependent   acquired by measurement; regenerating it on another host is expected
#                       to differ. Never regenerated by `make reproduce`; acquired only by an
#                       explicit command, and published only with `--publish`.
#                       **`e7_write_path.csv` was classed byte-deterministic for eleven
#                       cycles and is wall-clock**: `experiments::e7_write_path` times with
#                       `Instant` (`crates/experiments/src/main.rs`). Nothing caught it
#                       because the recipe never regenerated it, so the class it claimed was
#                       never exercised. A file's class is a claim about its bytes, and an
#                       unexercised claim is the kind this project keeps finding.
#   historical          produced once by something no longer wired, or by hand. Retained as
#                       evidence, cited by the thesis, and NOT regenerable. Do not delete
#                       without checking the citation.
#
# regenerated_by: the exact command, or `none` for historical.
#
# checkpoint interval (C), for machine-dependent artefacts only:
#   C is the ledger's per-key checkpoint interval. `0` is off, and a reconstruction then
#   folds a key from genesis -- the configuration §9.4.1 says the cost law excludes. It is
#   recorded here rather than edited into the artefacts, because a configuration line
#   written onto data measured before the flag existed would be indistinguishable from a
#   measured column, and this project's rule is that a header is not edited onto data that
#   was taken without it.
#
#   For everything below, C = 0, and it is known from the code that produced it rather than
#   from the file: `RevEngine::seeded` built `Ledger::new()` unconditionally until cycle 13
#   added `seeded_with_checkpoints` and `bench --nls-checkpoint`. That is
#   `MISMATCH-daemon-checkpoints`. What cycle 13 also measured is that at E16's own seeding
#   (`--rounds 1`, one posting per account) **no interval above 1 covers any account key**:
#   at C = 16 the mechanism covers one key of 10,001, and that key is the house, which the
#   `point` workload does not read. Coverage of the accounts begins exactly at `rounds = C`.
#   `nilestream-server`'s `at_e16_seeding_no_interval_above_one_covers_an_account` holds
#   those numbers, so the day a recipe deepens the accounts a test fails rather than a
#   reader noticing.
#
#   C=0 E16-wallclock.md E16-wallclock/oltp.csv E16-wallclock/analytical.csv
#   C=0 E16-wallclock/analytical-statements.csv E16-wallclock/point.csv
#   C=0 E16-wallclock/durable.csv E16-wallclock/report.csv E16-wallclock/device.csv
#   C=0 E19-scaling.md E19-scaling/E19-scaling.md E19-scaling/point.csv
#   C=0 E19-scaling/durable.csv E19-scaling/mixed.csv E19-scaling/fold.csv
#   C=0 E23-scaling/E23-scaling.csv E21-wire-cost.md E13-durability.md e7_write_path.csv
#
#   E30's rows (cycle 14, R2-06) ran no engine, so they have no checkpoint interval to state:
#   Niles programs are evaluated by niles_ir::eval over the lowered circuit and niles-interp,
#   SQL and PRQL on PostgreSQL, DL by Souffle, and the two cost files time checkers, not a
#   daemon — E14-checkcost.md's "n/a (no engine runs)", said here once for all six.
#
#   C=n/a E30-syntax/programs.tsv E30-syntax/schemas.tsv E30-syntax/mutants.tsv
#   C=n/a E30-syntax/load.tsv E30-syntax/cost-external.tsv E30-syntax/cost-inprocess.tsv
#
#   E23's two series are additionally *insensitive* to C, and that is measured rather than
#   assumed: `serve_path` in its own CSV reads `fold` and `report-from-view`, and the path a
#   checkpoint bounds is `IndexFold`. The marker that attributed the caveat to §9.14.5 is
#   struck; see that section.
#
#   E27's R2-02 four-arm points (cycle 14) were rendered into E27-comparator.md at de76a5a and set
#   aside, historical, under r2-02-four-arms/ when R2-03 re-ran the sweep with eight arms. They ran at C = 16 on N (`nilestreamd --checkpoint 16`) and on P+
#   (`crates/comparator/sql/pplus.sql`); points measured before `checkpoint_interval` was
#   written into each file are listed here rather than edited, as the rule above says.
#   C=16 E27-comparator/r2-02-four-arms/multi-1000-1.tsv E27-comparator/r2-02-four-arms/multi-1000-100.tsv
#   C=16 E27-comparator/r2-02-four-arms/multi-1000-2024.tsv E27-comparator/r2-02-four-arms/multi-1000-42.tsv
#   C=16 E27-comparator/r2-02-four-arms/multi-1000-7.tsv E27-comparator/r2-02-four-arms/multi-10000-1.tsv
#   C=16 E27-comparator/r2-02-four-arms/multi-10000-100.tsv E27-comparator/r2-02-four-arms/multi-10000-2024.tsv
#   C=16 E27-comparator/r2-02-four-arms/multi-10000-42.tsv E27-comparator/r2-02-four-arms/multi-10000-7.tsv
#   C=16 E27-comparator/r2-02-four-arms/multi-100000-1.tsv E27-comparator/r2-02-four-arms/multi-100000-100.tsv
#   C=16 E27-comparator/r2-02-four-arms/multi-100000-2024.tsv E27-comparator/r2-02-four-arms/multi-100000-42.tsv
#   C=16 E27-comparator/r2-02-four-arms/multi-100000-7.tsv E27-comparator/r2-02-four-arms/probe.tsv
#   C=16 E27-comparator/r2-02-four-arms/single-1000-1.tsv E27-comparator/r2-02-four-arms/single-1000-100.tsv
#   C=16 E27-comparator/r2-02-four-arms/single-1000-2024.tsv E27-comparator/r2-02-four-arms/single-1000-42.tsv
#   C=16 E27-comparator/r2-02-four-arms/single-1000-7.tsv E27-comparator/r2-02-four-arms/single-10000-1.tsv
#   C=16 E27-comparator/r2-02-four-arms/single-10000-100.tsv E27-comparator/r2-02-four-arms/single-10000-2024.tsv
#   C=16 E27-comparator/r2-02-four-arms/single-10000-42.tsv E27-comparator/r2-02-four-arms/single-10000-7.tsv
#   C=16 E27-comparator/r2-02-four-arms/single-100000-1.tsv E27-comparator/r2-02-four-arms/single-100000-100.tsv
#   C=16 E27-comparator/r2-02-four-arms/single-100000-2024.tsv E27-comparator/r2-02-four-arms/single-100000-42.tsv
#   C=16 E27-comparator/r2-02-four-arms/single-100000-7.tsv E27-p99/multi-1000-1.tsv E27-p99/multi-1000-100.tsv
#   C=16 E27-p99/multi-1000-2024.tsv E27-p99/multi-1000-42.tsv E27-p99/multi-1000-7.tsv
#   C=16 E27-p99/multi-10000-1.tsv E27-p99/multi-10000-100.tsv E27-p99/multi-10000-2024.tsv
#   C=16 E27-p99/multi-10000-42.tsv E27-p99/multi-10000-7.tsv E27-p99/multi-100000-1.tsv
#   C=16 E27-p99/multi-100000-100.tsv E27-p99/multi-100000-2024.tsv E27-p99/multi-100000-42.tsv
#   C=16 E27-p99/multi-100000-7.tsv E27-p99/single-1000-1.tsv E27-p99/single-1000-100.tsv
#   C=16 E27-p99/single-1000-2024.tsv E27-p99/single-1000-42.tsv E27-p99/single-1000-7.tsv
#   C=16 E27-p99/single-10000-1.tsv E27-p99/single-10000-100.tsv E27-p99/single-10000-2024.tsv
#   C=16 E27-p99/single-10000-42.tsv E27-p99/single-10000-7.tsv E27-p99/single-100000-1.tsv
#   C=16 E27-p99/single-100000-100.tsv E27-p99/single-100000-2024.tsv
#   C=16 E27-p99/single-100000-42.tsv E27-p99/single-100000-7.tsv
#
#   H1's calibration (cycle 14, R2-03) involves no ledger checkpoint: it reads ReadySet's own
#   allocator figure before and after reading every key through ReadySet, and ReadySet has
#   no per-key checkpoint. Stated here rather than written onto the file after it was taken.
#   C=n/a E27-comparator/h1-calibration.tsv
#
#   R2-03's anomaly probe (E27-comparator/probe.tsv) ran N and P+ (and M+, which is P+'s SQL
#   on a mutable base) at C = 16, as the sweep did; H1 and H1M have no per-key checkpoint. The
#   probe's writer did not yet record the interval; it does from R2-03's commit on.
#   C=16 E27-comparator/probe.tsv
path,class,regenerated_by
E1-correctness.md,byte-deterministic,cargo run --release -p experiments -- e1
e1_correctness.csv,byte-deterministic,cargo run --release -p experiments -- e1
E8-rungs.md,byte-deterministic,cargo run --release -p experiments -- e8
e8_rungs.csv,byte-deterministic,cargo run --release -p experiments -- e8
e4_phase.csv,byte-deterministic,cargo run --release -p experiments -- e4
E17-unnesting-table.md,byte-deterministic,cargo test -p nilestream-optimizer --test unnest_corpus -- --ignored
E18-solver-verdicts.md,byte-deterministic,cargo test -p niles-lang --test solver_verdicts -- --ignored
obligations.csv,byte-deterministic,cargo test -p niles-lang --test corpus_obligations
wire-protocol-session.md,byte-deterministic,cargo test -p nilestream-server --test psql_conformance -- --ignored transcript
wire-protocol-client.md,host-scoped,cargo test -p nilestream-server --test psql_conformance -- --ignored transcript
e12_phase_compiled.csv,byte-deterministic,./target/release/nilestream sweep examples/demo_bank.niles ledger_balance > results/e12_phase_compiled.csv
E23-scaling.md,byte-deterministic,cargo run --release -p bank-bench --bin bench -- --render
E18-counts.csv,byte-deterministic,cargo run -q --release --manifest-path tools/memprobe/Cargo.toml --bin memprobe
E18-memory.csv,toolchain-scoped,cargo run -q --release --manifest-path tools/memprobe/Cargo.toml --bin memprobe
E18-memory.md,toolchain-scoped,cargo run -q --release --manifest-path tools/memprobe/Cargo.toml --bin memprobe
E23-scaling/E23-scaling.csv,machine-dependent,cargo run --release -p bank-bench --bin bench -- --run --e23 --publish
E16-wallclock.md,machine-dependent,cargo run --release -p bank-bench --bin bench -- --run --publish
E16-wallclock/oltp.csv,machine-dependent,cargo run --release -p bank-bench --bin bench -- --run --publish
E16-wallclock/analytical.csv,machine-dependent,cargo run --release -p bank-bench --bin bench -- --run --publish
E16-wallclock/analytical-statements.csv,machine-dependent,cargo run --release -p bank-bench --bin bench -- --run --publish
E16-wallclock/point.csv,machine-dependent,cargo run --release -p bank-bench --bin bench -- --run --publish
E16-wallclock/durable.csv,machine-dependent,cargo run --release -p bank-bench --bin bench -- --run --publish
E16-wallclock/report.csv,machine-dependent,cargo run --release -p bank-bench --bin bench -- --run --publish
E16-wallclock/device.csv,machine-dependent,cargo run --release -p bank-bench --bin bench -- --run --publish
E19-scaling.md,machine-dependent,cargo run --release -p bank-bench --bin bench -- --run --render --scaling-only --publish --pg-port 5432 --host-nls --accounts 10000 --operations 500 --runs 3 --connections 1,2,4,8
E19-scaling/E19-scaling.md,machine-dependent,cargo run --release -p bank-bench --bin bench -- --run --render --scaling-only --publish --pg-port 5432 --host-nls --accounts 10000 --operations 500 --runs 3 --connections 1,2,4,8
E19-scaling/point.csv,machine-dependent,cargo run --release -p bank-bench --bin bench -- --run --render --scaling-only --publish --pg-port 5432 --host-nls --accounts 10000 --operations 500 --runs 3 --connections 1,2,4,8
E19-scaling/durable.csv,machine-dependent,cargo run --release -p bank-bench --bin bench -- --run --render --scaling-only --publish --pg-port 5432 --host-nls --accounts 10000 --operations 500 --runs 3 --connections 1,2,4,8
E19-scaling/mixed.csv,machine-dependent,cargo run --release -p bank-bench --bin bench -- --run --render --scaling-only --publish --pg-port 5432 --host-nls --accounts 10000 --operations 500 --runs 3 --connections 1,2,4,8
E19-scaling/fold.csv,machine-dependent,cargo run --release -p bank-bench --bin bench -- --run --render --scaling-only --publish --pg-port 5432 --host-nls --accounts 10000 --operations 500 --runs 3 --connections 1,2,4,8
# `E19-scaling-historical.md` is the cycle-7 E19 rows as `fa012ed` published them on
# 2026-09-04. It is kept because the engine they measured -- a daemon holding
# `Arc<Mutex<RevEngine>>` -- has not existed since `d681f0d` on 2026-09-05, and
# deleting a measurement when a newer one replaces it hides the fact worth keeping:
# that a published curve described an engine the repository no longer had. The file
# itself states what may and may not be concluded by comparing it with the current
# rows, which is less than a reader would assume.
E19-scaling-historical.md,historical,none
E21-wire-cost.md,machine-dependent,cargo run --release -p bank-bench --example wire_cost
E13-durability.md,machine-dependent,cargo run --release -p nilestream-ledger --bin durability-bench > results/E13-durability.md
e2_duality.csv,byte-deterministic,cargo run --release -p experiments -- e2
e3_memory_vs_skew.csv,byte-deterministic,cargo run --release -p experiments -- e3
e5_history.csv,byte-deterministic,cargo run --release -p experiments -- e5
e6_policies.csv,byte-deterministic,cargo run --release -p experiments -- e6
e7_write_path.csv,machine-dependent,cargo run --release -p experiments -- e7
e9_history_refined.csv,byte-deterministic,cargo run --release -p experiments -- e9
e10_checkpoints.csv,byte-deterministic,cargo run --release -p experiments -- e10
e4.log,historical,none
e9.log,historical,none
e10.log,historical,none
e56.log,historical,none
e78.log,historical,none
e11_compiled_loop.log,historical,none
e11_checkpoint_bound.csv,historical,none
E11-E12-compiled-path.md,historical,none
E14-minimal-counterproposal.md,historical,none
E15-bootstrap-gates.md,historical,none
E16-band.md,historical,none
E17-unnesting.md,historical,none
E26-compile-cost.csv,byte-deterministic,cargo run --release -p experiments -- e26
E26-compile-cost.md,byte-deterministic,cargo run --release -p experiments -- e26
E27-comparator/r2-02-four-arms/multi-1000-1.tsv,historical,none
E27-comparator/r2-02-four-arms/multi-1000-100.tsv,historical,none
E27-comparator/r2-02-four-arms/multi-1000-2024.tsv,historical,none
E27-comparator/r2-02-four-arms/multi-1000-42.tsv,historical,none
E27-comparator/r2-02-four-arms/multi-1000-7.tsv,historical,none
E27-comparator/r2-02-four-arms/multi-10000-1.tsv,historical,none
E27-comparator/r2-02-four-arms/multi-10000-100.tsv,historical,none
E27-comparator/r2-02-four-arms/multi-10000-2024.tsv,historical,none
E27-comparator/r2-02-four-arms/multi-10000-42.tsv,historical,none
E27-comparator/r2-02-four-arms/multi-10000-7.tsv,historical,none
E27-comparator/r2-02-four-arms/multi-100000-1.tsv,historical,none
E27-comparator/r2-02-four-arms/multi-100000-100.tsv,historical,none
E27-comparator/r2-02-four-arms/multi-100000-2024.tsv,historical,none
E27-comparator/r2-02-four-arms/multi-100000-42.tsv,historical,none
E27-comparator/r2-02-four-arms/multi-100000-7.tsv,historical,none
E27-comparator/r2-02-four-arms/probe.tsv,historical,none
E27-comparator/r2-02-four-arms/single-1000-1.tsv,historical,none
E27-comparator/r2-02-four-arms/single-1000-100.tsv,historical,none
E27-comparator/r2-02-four-arms/single-1000-2024.tsv,historical,none
E27-comparator/r2-02-four-arms/single-1000-42.tsv,historical,none
E27-comparator/r2-02-four-arms/single-1000-7.tsv,historical,none
E27-comparator/r2-02-four-arms/single-10000-1.tsv,historical,none
E27-comparator/r2-02-four-arms/single-10000-100.tsv,historical,none
E27-comparator/r2-02-four-arms/single-10000-2024.tsv,historical,none
E27-comparator/r2-02-four-arms/single-10000-42.tsv,historical,none
E27-comparator/r2-02-four-arms/single-10000-7.tsv,historical,none
E27-comparator/r2-02-four-arms/single-100000-1.tsv,historical,none
E27-comparator/r2-02-four-arms/single-100000-100.tsv,historical,none
E27-comparator/r2-02-four-arms/single-100000-2024.tsv,historical,none
E27-comparator/r2-02-four-arms/single-100000-42.tsv,historical,none
E27-comparator/r2-02-four-arms/single-100000-7.tsv,historical,none
E27-comparator/h1-calibration.tsv,machine-dependent,cargo run --release -p comparator -- calibrate-h1 (H1's byte budget per series and size; see E27-comparator.md)
E27-comparator/discarded-attempt-1/single-1000-1.tsv,historical,none
E27-comparator/discarded-attempt-1/single-1000-100.tsv,historical,none
E27-comparator/discarded-attempt-1/single-1000-2024.tsv,historical,none
E27-comparator/discarded-attempt-1/single-1000-42.tsv,historical,none
E27-comparator/discarded-attempt-1/single-1000-7.tsv,historical,none
E27-p99/multi-1000-1.tsv,machine-dependent,cargo run --release -p comparator -- run --shape p99 (see E27-p99.md)
E27-p99/multi-1000-100.tsv,machine-dependent,cargo run --release -p comparator -- run --shape p99 (see E27-p99.md)
E27-p99/multi-1000-2024.tsv,machine-dependent,cargo run --release -p comparator -- run --shape p99 (see E27-p99.md)
E27-p99/multi-1000-42.tsv,machine-dependent,cargo run --release -p comparator -- run --shape p99 (see E27-p99.md)
E27-p99/multi-1000-7.tsv,machine-dependent,cargo run --release -p comparator -- run --shape p99 (see E27-p99.md)
E27-p99/multi-10000-1.tsv,machine-dependent,cargo run --release -p comparator -- run --shape p99 (see E27-p99.md)
E27-p99/multi-10000-100.tsv,machine-dependent,cargo run --release -p comparator -- run --shape p99 (see E27-p99.md)
E27-p99/multi-10000-2024.tsv,machine-dependent,cargo run --release -p comparator -- run --shape p99 (see E27-p99.md)
E27-p99/multi-10000-42.tsv,machine-dependent,cargo run --release -p comparator -- run --shape p99 (see E27-p99.md)
E27-p99/multi-10000-7.tsv,machine-dependent,cargo run --release -p comparator -- run --shape p99 (see E27-p99.md)
E27-p99/multi-100000-1.tsv,machine-dependent,cargo run --release -p comparator -- run --shape p99 (see E27-p99.md)
E27-p99/multi-100000-100.tsv,machine-dependent,cargo run --release -p comparator -- run --shape p99 (see E27-p99.md)
E27-p99/multi-100000-2024.tsv,machine-dependent,cargo run --release -p comparator -- run --shape p99 (see E27-p99.md)
E27-p99/multi-100000-42.tsv,machine-dependent,cargo run --release -p comparator -- run --shape p99 (see E27-p99.md)
E27-p99/multi-100000-7.tsv,machine-dependent,cargo run --release -p comparator -- run --shape p99 (see E27-p99.md)
E27-p99/single-1000-1.tsv,machine-dependent,cargo run --release -p comparator -- run --shape p99 (see E27-p99.md)
E27-p99/single-1000-100.tsv,machine-dependent,cargo run --release -p comparator -- run --shape p99 (see E27-p99.md)
E27-p99/single-1000-2024.tsv,machine-dependent,cargo run --release -p comparator -- run --shape p99 (see E27-p99.md)
E27-p99/single-1000-42.tsv,machine-dependent,cargo run --release -p comparator -- run --shape p99 (see E27-p99.md)
E27-p99/single-1000-7.tsv,machine-dependent,cargo run --release -p comparator -- run --shape p99 (see E27-p99.md)
E27-p99/single-10000-1.tsv,machine-dependent,cargo run --release -p comparator -- run --shape p99 (see E27-p99.md)
E27-p99/single-10000-100.tsv,machine-dependent,cargo run --release -p comparator -- run --shape p99 (see E27-p99.md)
E27-p99/single-10000-2024.tsv,machine-dependent,cargo run --release -p comparator -- run --shape p99 (see E27-p99.md)
E27-p99/single-10000-42.tsv,machine-dependent,cargo run --release -p comparator -- run --shape p99 (see E27-p99.md)
E27-p99/single-10000-7.tsv,machine-dependent,cargo run --release -p comparator -- run --shape p99 (see E27-p99.md)
E27-p99/single-100000-1.tsv,machine-dependent,cargo run --release -p comparator -- run --shape p99 (see E27-p99.md)
E27-p99/single-100000-100.tsv,machine-dependent,cargo run --release -p comparator -- run --shape p99 (see E27-p99.md)
E27-p99/single-100000-2024.tsv,machine-dependent,cargo run --release -p comparator -- run --shape p99 (see E27-p99.md)
E27-p99/single-100000-42.tsv,machine-dependent,cargo run --release -p comparator -- run --shape p99 (see E27-p99.md)
E27-p99/single-100000-7.tsv,machine-dependent,cargo run --release -p comparator -- run --shape p99 (see E27-p99.md)
E27-comparator.md,byte-deterministic,cargo run -q --release -p comparator -- render
E27-comparator-detail.md,byte-deterministic,cargo run -q --release -p comparator -- render
E27-p99.md,byte-deterministic,cargo run -q --release -p comparator -- render --shape p99
E27-p99-detail.md,byte-deterministic,cargo run -q --release -p comparator -- render --shape p99
E27-comparator/multi-1000-1.tsv,machine-dependent,cargo run --release -p comparator -- run (arms per size in E27-comparator.md; see there)
E27-comparator/multi-1000-100.tsv,machine-dependent,cargo run --release -p comparator -- run (arms per size in E27-comparator.md; see there)
E27-comparator/multi-1000-2024.tsv,machine-dependent,cargo run --release -p comparator -- run (arms per size in E27-comparator.md; see there)
E27-comparator/multi-1000-42.tsv,machine-dependent,cargo run --release -p comparator -- run (arms per size in E27-comparator.md; see there)
E27-comparator/multi-1000-7.tsv,machine-dependent,cargo run --release -p comparator -- run (arms per size in E27-comparator.md; see there)
E27-comparator/multi-10000-1.tsv,machine-dependent,cargo run --release -p comparator -- run (arms per size in E27-comparator.md; see there)
E27-comparator/multi-10000-100.tsv,machine-dependent,cargo run --release -p comparator -- run (arms per size in E27-comparator.md; see there)
E27-comparator/multi-10000-2024.tsv,machine-dependent,cargo run --release -p comparator -- run (arms per size in E27-comparator.md; see there)
E27-comparator/multi-10000-42.tsv,machine-dependent,cargo run --release -p comparator -- run (arms per size in E27-comparator.md; see there)
E27-comparator/multi-10000-7.tsv,machine-dependent,cargo run --release -p comparator -- run (arms per size in E27-comparator.md; see there)
E27-comparator/multi-100000-1.tsv,machine-dependent,cargo run --release -p comparator -- run (arms per size in E27-comparator.md; see there)
E27-comparator/multi-100000-100.tsv,machine-dependent,cargo run --release -p comparator -- run (arms per size in E27-comparator.md; see there)
E27-comparator/multi-100000-2024.tsv,machine-dependent,cargo run --release -p comparator -- run (arms per size in E27-comparator.md; see there)
E27-comparator/multi-100000-42.tsv,machine-dependent,cargo run --release -p comparator -- run (arms per size in E27-comparator.md; see there)
E27-comparator/multi-100000-7.tsv,machine-dependent,cargo run --release -p comparator -- run (arms per size in E27-comparator.md; see there)
E27-comparator/single-1000-1.tsv,machine-dependent,cargo run --release -p comparator -- run (arms per size in E27-comparator.md; see there)
E27-comparator/single-1000-100.tsv,machine-dependent,cargo run --release -p comparator -- run (arms per size in E27-comparator.md; see there)
E27-comparator/single-1000-2024.tsv,machine-dependent,cargo run --release -p comparator -- run (arms per size in E27-comparator.md; see there)
E27-comparator/single-1000-42.tsv,machine-dependent,cargo run --release -p comparator -- run (arms per size in E27-comparator.md; see there)
E27-comparator/single-1000-7.tsv,machine-dependent,cargo run --release -p comparator -- run (arms per size in E27-comparator.md; see there)
E27-comparator/single-10000-1.tsv,machine-dependent,cargo run --release -p comparator -- run (arms per size in E27-comparator.md; see there)
E27-comparator/single-10000-100.tsv,machine-dependent,cargo run --release -p comparator -- run (arms per size in E27-comparator.md; see there)
E27-comparator/single-10000-2024.tsv,machine-dependent,cargo run --release -p comparator -- run (arms per size in E27-comparator.md; see there)
E27-comparator/single-10000-42.tsv,machine-dependent,cargo run --release -p comparator -- run (arms per size in E27-comparator.md; see there)
E27-comparator/single-10000-7.tsv,machine-dependent,cargo run --release -p comparator -- run (arms per size in E27-comparator.md; see there)
E27-comparator/single-100000-1.tsv,machine-dependent,cargo run --release -p comparator -- run (arms per size in E27-comparator.md; see there)
E27-comparator/single-100000-100.tsv,machine-dependent,cargo run --release -p comparator -- run (arms per size in E27-comparator.md; see there)
E27-comparator/single-100000-2024.tsv,machine-dependent,cargo run --release -p comparator -- run (arms per size in E27-comparator.md; see there)
E27-comparator/single-100000-42.tsv,machine-dependent,cargo run --release -p comparator -- run (arms per size in E27-comparator.md; see there)
E27-comparator/single-100000-7.tsv,machine-dependent,cargo run --release -p comparator -- run (arms per size in E27-comparator.md; see there)
E27-comparator/probe.tsv,machine-dependent,cargo run --release -p comparator -- probe --arms N,P+,M+,H1,H1M --reps 5 (see E27-comparator.md section 7)
E27-comparator/failed/single-100000-1.tsv,historical,none
E27-p99-engine/multi-1000-1.tsv,machine-dependent,cargo run --release -p comparator -- run --shape p99-engine --arms N,P+,H3,T (see E27-p99-engine.md)
E27-p99-engine/multi-1000-100.tsv,machine-dependent,cargo run --release -p comparator -- run --shape p99-engine --arms N,P+,H3,T (see E27-p99-engine.md)
E27-p99-engine/multi-1000-2024.tsv,machine-dependent,cargo run --release -p comparator -- run --shape p99-engine --arms N,P+,H3,T (see E27-p99-engine.md)
E27-p99-engine/multi-1000-42.tsv,machine-dependent,cargo run --release -p comparator -- run --shape p99-engine --arms N,P+,H3,T (see E27-p99-engine.md)
E27-p99-engine/multi-1000-7.tsv,machine-dependent,cargo run --release -p comparator -- run --shape p99-engine --arms N,P+,H3,T (see E27-p99-engine.md)
E27-p99-engine/multi-10000-1.tsv,machine-dependent,cargo run --release -p comparator -- run --shape p99-engine --arms N,P+,H3,T (see E27-p99-engine.md)
E27-p99-engine/multi-10000-100.tsv,machine-dependent,cargo run --release -p comparator -- run --shape p99-engine --arms N,P+,H3,T (see E27-p99-engine.md)
E27-p99-engine/multi-10000-2024.tsv,machine-dependent,cargo run --release -p comparator -- run --shape p99-engine --arms N,P+,H3,T (see E27-p99-engine.md)
E27-p99-engine/multi-10000-42.tsv,machine-dependent,cargo run --release -p comparator -- run --shape p99-engine --arms N,P+,H3,T (see E27-p99-engine.md)
E27-p99-engine/multi-10000-7.tsv,machine-dependent,cargo run --release -p comparator -- run --shape p99-engine --arms N,P+,H3,T (see E27-p99-engine.md)
E27-p99-engine/multi-100000-1.tsv,machine-dependent,cargo run --release -p comparator -- run --shape p99-engine --arms N,P+,H3,T (see E27-p99-engine.md)
E27-p99-engine/multi-100000-100.tsv,machine-dependent,cargo run --release -p comparator -- run --shape p99-engine --arms N,P+,H3,T (see E27-p99-engine.md)
E27-p99-engine/multi-100000-2024.tsv,machine-dependent,cargo run --release -p comparator -- run --shape p99-engine --arms N,P+,H3,T (see E27-p99-engine.md)
E27-p99-engine/multi-100000-42.tsv,machine-dependent,cargo run --release -p comparator -- run --shape p99-engine --arms N,P+,H3,T (see E27-p99-engine.md)
E27-p99-engine/multi-100000-7.tsv,machine-dependent,cargo run --release -p comparator -- run --shape p99-engine --arms N,P+,H3,T (see E27-p99-engine.md)
E27-p99-engine/single-1000-1.tsv,machine-dependent,cargo run --release -p comparator -- run --shape p99-engine --arms N,P+,H3,T (see E27-p99-engine.md)
E27-p99-engine/single-1000-100.tsv,machine-dependent,cargo run --release -p comparator -- run --shape p99-engine --arms N,P+,H3,T (see E27-p99-engine.md)
E27-p99-engine/single-1000-2024.tsv,machine-dependent,cargo run --release -p comparator -- run --shape p99-engine --arms N,P+,H3,T (see E27-p99-engine.md)
E27-p99-engine/single-1000-42.tsv,machine-dependent,cargo run --release -p comparator -- run --shape p99-engine --arms N,P+,H3,T (see E27-p99-engine.md)
E27-p99-engine/single-1000-7.tsv,machine-dependent,cargo run --release -p comparator -- run --shape p99-engine --arms N,P+,H3,T (see E27-p99-engine.md)
E27-p99-engine/single-10000-1.tsv,machine-dependent,cargo run --release -p comparator -- run --shape p99-engine --arms N,P+,H3,T (see E27-p99-engine.md)
E27-p99-engine/single-10000-100.tsv,machine-dependent,cargo run --release -p comparator -- run --shape p99-engine --arms N,P+,H3,T (see E27-p99-engine.md)
E27-p99-engine/single-10000-2024.tsv,machine-dependent,cargo run --release -p comparator -- run --shape p99-engine --arms N,P+,H3,T (see E27-p99-engine.md)
E27-p99-engine/single-10000-42.tsv,machine-dependent,cargo run --release -p comparator -- run --shape p99-engine --arms N,P+,H3,T (see E27-p99-engine.md)
E27-p99-engine/single-10000-7.tsv,machine-dependent,cargo run --release -p comparator -- run --shape p99-engine --arms N,P+,H3,T (see E27-p99-engine.md)
E27-p99-engine/single-100000-1.tsv,machine-dependent,cargo run --release -p comparator -- run --shape p99-engine --arms N,P+,H3,T (see E27-p99-engine.md)
E27-p99-engine/single-100000-100.tsv,machine-dependent,cargo run --release -p comparator -- run --shape p99-engine --arms N,P+,H3,T (see E27-p99-engine.md)
E27-p99-engine/single-100000-2024.tsv,machine-dependent,cargo run --release -p comparator -- run --shape p99-engine --arms N,P+,H3,T (see E27-p99-engine.md)
E27-p99-engine/single-100000-42.tsv,machine-dependent,cargo run --release -p comparator -- run --shape p99-engine --arms N,P+,H3,T (see E27-p99-engine.md)
E27-p99-engine/single-100000-7.tsv,machine-dependent,cargo run --release -p comparator -- run --shape p99-engine --arms N,P+,H3,T (see E27-p99-engine.md)
E27-p99-engine.md,byte-deterministic,cargo run -q --release -p comparator -- render --shape p99-engine
E27-p99-engine-detail.md,byte-deterministic,cargo run -q --release -p comparator -- render --shape p99-engine
E27-hostc.md,byte-deterministic,cargo run -q --release -p comparator -- render --shape counted
E14-checkcost.md,machine-dependent,cargo run --release --manifest-path tools/memprobe/Cargo.toml --bin checkcost (check time and peak heap per KLOC; see E14-minimal-counterproposal.md Part 2b)
E30-syntax.md,byte-deterministic,cargo run -q -p syntax-study --bin e30 -- report
E30-syntax/programs.tsv,machine-dependent,cargo run -q -p syntax-study --bin e30 -- measure (needs PostgreSQL 16 as bench and the approved prqlc and souffle under /opt/arms; deterministic given those; see E30-syntax.md)
E30-syntax/schemas.tsv,machine-dependent,cargo run -q -p syntax-study --bin e30 -- measure (needs PostgreSQL 16 as bench and the approved prqlc and souffle under /opt/arms; deterministic given those; see E30-syntax.md)
E30-syntax/mutants.tsv,machine-dependent,cargo run -q -p syntax-study --bin e30 -- mutate (needs PostgreSQL 16 as bench and the approved prqlc and souffle under /opt/arms; deterministic given those; see E30-syntax.md)
E30-syntax/load.tsv,machine-dependent,cargo run -q -p syntax-study --bin e30 -- load-check (needs PostgreSQL 16 as bench and the approved prqlc and souffle under /opt/arms; deterministic given those; see E30-syntax.md)
E30-syntax/cost-external.tsv,machine-dependent,cargo run -q --release -p syntax-study --bin e30 -- cost-ext (wall time of prqlc and souffle)
E30-syntax/cost-inprocess.tsv,machine-dependent,cargo run -q --release --manifest-path tools/memprobe/Cargo.toml --bin e30cost (check time and peak heap per KLOC)
